Y,X
65.5841880342,6.1394688645
65.5555555556,8.8511904762
60.1166666667,10.6326617827
38.2,19.7277777778
28.2722222222,23.2722222222
28.8507936508,21.7625
31.8333333333,20.05
29.8388888889,21.6777777778
32.7015873016,19.1055555555
63.928021978,3.3785714286
65.6185541311,2.578968254
63.6978105228,2.6888888889
66.3205357143,6.1845238095
63.3333333333,9.7099664225
54.5055555556,12.9777777778
34.3297619048,20.3535714286
16.9833333333,30.1833333333
18.8722222222,27.3380952381
25.7555555556,20.8888888889
28.7416666667,18.319047619
36.4166666667,13.9666666667
45.003968254,11.6297619048
62.8111111111,5.5888888889
66.028021978,5.1007936508
64.4115079365,4.7055555556
64.9847680098,4.1944444444
66.2972832723,5.7696581197
60.7111111111,9.746031746
40.3638583638,14.3856837607
27.178968254,20.4253968254
21.326984127,22.7083333333
18.95,25.3523809524
22.2011904762,21.9023809524
59.15,4.9944444444
64.8924603175,5.2
64.8408730159,5.0961843712
65.1848373848,4.275
67.0133394383,5.9896825397
65.246031746,9.7055250305
59.8777777778,11.8118797869
44.1329059829,14.9747252747
26.3738095238,25.92002442
14.5551587302,30.8369047619
13.3484126984,32.2830586081
17.6118055556,27.3981150794
37.9829365079,15.7515873016
51.6158730159,10.6726495727
65.2361111111,6.4388888889
63.7181051587,5.8719742064
63.0901098901,4.7611111111
64.4763888889,4.7722222222
64.2055860806,4.7777777778
65.2421550672,3.4111111111
63.7256105006,5.8444444444
51.7555555556,11.7722222222
41.2055555556,14.4277777778
27.6226190476,19.2257936508
24.2523809524,22.5626984127
24.1777777778,20.7944444445
37.5805555556,13.2111111111
49.8309523809,9.3222222222
50.4777777778,9.4833333333
56.2611111111,7.8777777778
64.2166666667,5.7726190476
63.6353174603,4.05
65.755952381,4.75
65.9410714286,3.7547619048
64.6678571429,3.8944444444
67.0815781441,5.4158730159
20.2777777778,27.0722222222
29.3773809524,19.5134920635
23.9527777778,21.2507936508
23.8535714286,23.3736607143
65.3960927961,3.8833333333
67.4869047619,4.3527777778
67.3198523698,4.2333333333
65.6469877345,3.5816239316
66.5670940171,6.1388888889
62.2555555556,10.8238455988
45.2,14.7277777778
29.8833333333,20.7611111111
20.9261904762,27.4964285714
12.1277777778,30.651984127
18.9472222222,25.0246031746
46.9464285714,12.0833333333
61.9928571429,4.7607142857
66.7222222222,5.0063492063
66.6035714286,4.4277777778
67.3977564103,3.9824404762
67.75752442,6.4609737485
63.1555555556,11.1771825397
60.2444444444,11.8694444445
40.2666666667,16.0094017094
31.85,20.3222222222
34.6777777778,16.2
51.753968254,9.5111111111
55.4194444444,7.3055555556
65.2111111111,5.5444444444
65.4833333333,6.9444444444
63.1496031746,6.7932539683
63.8963675214,5.4833333333
66.8700854701,4.3555555556
64.5712301587,4.6833333333
65.5458180708,4.8011904762
66.4094932845,3.7388888889
66.7476190476,5.8880952381
63.3849206349,10.9883047508
53.8111111111,13.05
40.7940476191,15.853968254
28.1222222222,21.3388888889
31.65,18.5674603175
46.7208333333,10.8666666667
55.4873015873,7.1277777778
63.7944444445,6.2888888889
64.605952381,6.6944444444
65.6107142857,6.6777777778
65.7341269841,5.6222222222
66.8801587302,5.1555555556
64.5833943834,4.7555555556
66.6058455433,4.2722222222
64.8011294261,3.6222222222
66.8634920635,5.7111111111
63.5944444445,9.3301587302
57.9888888889,11.4280830281
55.2932539683,10.8579365079
50.55,10.4611111111
52.5876984127,9.8904761905
55.0111111111,7.6888888889
65.5888888889,5.1222222222
66.6478632479,5.5555555556
66.5376984127,5.8119047619
66.9337301587,6.6111111111
65.9722222222,5.3833333333
63.910515873,3.85
63.1932539682,4.4611111111
60.7476190476,4.9833333333
66.4070818071,6.0908730159
64.2888888889,10.0912393162
59.9777777778,12.0015262515
52.1611111111,12.2222222222
42.7388888889,14.4222222222
29.4484126984,19.0021367521
39.7059523809,14.4833333333
54.0944444444,7.3444444444
60.8833333333,6.4222222222
65.7722222222,6.8043650794
64.8555555556,7.0722222222
66.5357142857,6.1246031746
65.0916666667,4.3513888889
65.5094627595,4.3111111111
66.0693223443,4.3206349206
65.9626068376,3.8611111111
67.921577381,6.0441964286
63.7,9.8557997558
57.4166666667,12.3476190476
53.2097222222,12.0188492064
36.0611111111,16.5666666667
38.0722222222,17.4611111111
49.1944444444,9.4722222222
43.2055555555,12.7666666667
57.3555555555,6.7666666667
60.8277777778,7.0777777778
63.5222222222,6.9722222222
66.5555555556,5.0277777778
63.4087301587,5.4277777778
65.4416666667,5.2813492064
68.2440476191,4.5416666667
67.8133699634,3.5833333333
68.0388888889,5.7027777778
64.4777777778,9.9428266178
58.55,11.7972222222
53.9833333333,11.1111111111
33.3888888889,19.4277777778
28.8888888889,19.8222222222
42.8888888889,12.2111111111
55.1,7.2277777778
61.0166666667,6.8722222222
62.4587301587,6.8083333333
64.2111111111,7.0722222222
66.4134920635,5.5111111111
67.255952381,4.6833333333
66.4222222222,4.2666666667
66.6162393162,4.6555555556
67.3476190476,3.9666666667
67.4206349206,5.8055555556
65.4756410256,9.5485653236
60.9833333333,10.7544871795
61.5611111111,9.2333333333
58.25,7.9277777778
53.2611111111,9.1333333333
50.6666666667,12.8511904762
50.1412698413,13.7898809524
50.0656593407,12.40625
63.4376984127,5.1888888889
64.3827838828,4.1722222222
68.3591269841,6.0198412698
64.7,10.1298229548
60.8666666667,11.4341269841
57.7317460317,9.7967643468
50.2833333333,10.8277777778
51.1123015873,11.1363247863
52.0317460318,8.1222222222
56.4277777778,6.8166666667
63.0468253968,6.1825396825
64,6.6
64.6055555556,6.6166666667
66.8563492064,5.1888888889
64.5501831502,4.1944444444
66.3666666667,4.7555555556
66.628968254,4.3333333333
66.5149954213,3.0079365079
67.1714285714,6.4
64.4166666667,9.7547619048
57.3555555556,12.0156898657
44.2158119658,15.617948718
35.8277777778,17.3388888889
34.221875,17.609375
55.4642857143,7.7
61.1722222222,6.2333333333
65.2833333333,5.9222222222
65.7277777778,6.65
65.2674603175,7.1329365079
65.2543650794,5.5722222222
66.0212454212,4.3345238095
65.9715506716,4.9777777778
66.2074481074,4.2444444444
66.4986111111,3.9333333333
64.2313492064,6.7055555556
33.3277777778,17.45
25.5222222222,20.6829365079
23.8055555556,21.3777777778
24.4305555556,21.5218253968
22.9111111111,21.8111111111
41.3984126984,11.3444444444
39.9833333334,11.6111111111
65.0503968254,4.9297619048
64.1867521368,4.8845238095
63.4847222222,3.9555555556
65.8841269841,6.4888888889
63.6547619048,10.1163003663
58.5213293651,11.7501144689
52.0678571429,12.8571428572
50.0611111111,11.4777777778
43.1666666667,13.7138888889
53.0670634921,9.3111111111
60.9936507937,6.6075396825
64.1579365079,6.3111111111
63.9777777778,6.3166666667
64.1130952381,6.2281746032
64.5226190476,5.5833333333
64.7638888889,4.6484126984
63.5031746032,4.5
65.0935744811,4.4388888889
61.9878205128,4.4944444444
66.1607142857,6.4726190476
64.0166666667,10.0861721612
57.0797619048,12.5788308913
49.6444444445,12.9333333333
30.75,19.9555555556
23.8799145299,22.2858974359
24.3428571429,21.8682539683
24.5400793651,22.3849206349
39.1222222222,14.3388888889
54.3777777778,8.7944444444
56.9196581197,8.3611111111
62.1361111111,6.6805555556
65.2944444445,5.2833333333
66.7027777778,4.8055555556
65.8264041514,4.7773809524
66.4045787546,4.4555555556
67.9611111111,6.1166666667
63.9166666667,9.8319139194
56.0488566989,12.419003219
43.9055555556,14.5777777778
32.25,18.0444444444
35.0777777778,17.6388888889
44.6801587302,10.9444444445
56.7444444445,6.85
63.7111111111,6.1222222222
64.7853174603,6.8111111111
64.9944444444,6.5055555556
64.1841269841,5.6055555556
65.9848290598,4.5143849206
66.5833333333,5.2944444444
65.8293650794,4.7253968254
66.2650793651,3.6611111111
66.9171855922,6.0222222222
64.1944444445,9.8936507936
56.8333333333,12.0355921856
42.5575396825,14.2126984127
31.1956349206,18.7734126984
36.7222222222,16.4646825397
24.3944444445,21.7166666667
50.3512820513,8.7277777778
55.3468253968,8.1166666667
57.5111111111,8.0333333333
64.6188492064,6.4555555556
64.5163194445,5.6392361111
64.7353174603,4.7757936508
62.5738705739,4.9777777778
62.2944444445,4.8111111111
64.7322344322,3.8166666667
67.3829059829,5.9384920635
63.7388888889,9.9503968254
52.95,12.9880952381
42.6666666667,14.6277777778
33.7777777778,16.5611111111
32.0555555556,17.6055555556
35.8888888889,16.2611111111
56.8593375375,6.8673222611
65.2611111111,5.9920634921
66.2888888889,6.6222222222
65.0706349206,6.9162698413
65.7388888889,5.5777777778
65.1666666667,4.2666666667
65.0863247863,4.7313492063
65.1984126984,4.4166666667
65.7059371184,4.0555555556
66.1833333333,6.244047619
64.275,9.6388888889
56.1777777778,12.2712301587
34.6888888889,18.75
35.0833333333,16.3888888889
31.5277777778,18.4277777778
44.4638888889,11.8722222222
60.871031746,6.1277777778
65.6388888889,6.3111111111
66.9333333333,6.0722222222
65.1055555556,6.7896825397
65.928968254,5.4791666667
66.7492063492,4.7833333333
64.7166666667,6.0055555556
65.8079365079,4.4111111111
64.0234432234,4.2349206349
66.9450206044,6.0874007937
63.75,9.8404761905
56.3055555555,13.1214285714
40.1388888889,16.5444444444
31.6333333333,19.2888888889
28.0388888889,20.8444444444
31.8388888889,16.6166666667
53.9666666667,7.8666666667
56.7444444445,7.8555555556
57.6444444445,7.1611111111
62.5888888889,7.5734126984
66.196031746,5.7055555556
66.083531746,4.5222222222
66.1128510379,4.4222222222
65.1103174603,4.8388888889
66.1667124542,4.1555555556
66.7572649573,5.4301587302
65.5333333333,9.4540903541
61.2666666667,10.7938912939
51.2518518519,12.2
47.3703703704,11.2444444444
47.1306878307,12.2312169312
49.6194444445,9.8972222222
53.9682539682,7.0814814815
65.3037037037,6.2592592593
64.5978835979,6.9714285714
65.8444444445,6.7111111111
65.419047619,5.6275132275
67.9592592593,4.6962962963
66.5873015873,5.1571428571
67.6290598291,4.2962962963
67.2111037111,3.9888888889
68.5333333333,6.3605820106
64.6370370371,9.9502238502
56.8790343915,12.8124542124
48.0916666667,12.6569444444
30.9777777778,17.8074074074
35.8370370371,14.0518518519
50.2,10.0148148148
55.5470899471,7.1291005291
65.4222222222,5.8555555556
64.4666666667,6.6333333333
64.4365079365,7.2074074074
68.3742775743,5.4393976394
66.3544973545,4.8169312169
66.7475783476,5.0814814815
66.6671957672,4.6343915344
66.165038665,4.4275132275
66.6777777778,6.5277777778
63.4119047619,10.1498473748
56.55,12.7503052503
39.5902777778,17.4
37.4555555556,17.0277777778
30.7944444444,19.1666666667
26.5222222222,19.5166666667
35.15,16.9281746032
58.7777777778,6.9388888889
51.1555555556,13.2611111111
49.8150793651,12.7829365079
64.6130952381,4.5611111111
65.4356227106,4.7333333333
67.3847832723,3.8252136752
66.8222222222,6.1222222222
63.5333333333,10.6551587301
56.1055555556,12.362973138
35.3055555555,18.2
29.348015873,19.3011904762
24.1607142857,21.9849206349
23.7690476191,21.5444444444
27.7813492064,18.2055555556
52.7324074074,7.0333333333
53.8236111111,6.6388888889
60.6584693085,6.7111111111
66.7333333333,6.1055555556
66.1358669109,4.8170634921
66.9013431013,4.976881105
66.0193223443,4.7388888889
67.3853479854,3.9388888889
66.1424603175,5.9087797619
64.1388888889,9.3329365079
61.1088293651,10.6811507937
56.8111111111,10.6464285714
55.5611111111,10.3214285714
55.7730769231,8.8837606838
58.1166666667,6.8555555556
65.9222222222,5.4833333333
64.1555555556,7.1111111111
63.7666666667,7.7388888889
56.1448412698,7.6301587302
55.4535714286,7.1666666667
63.428968254,4.9666666667
66.7813492063,4.5166666667
65.1519230769,4.9650793651
65.4111416361,3.7722222222
64.6590277778,6.5579861111
62.3096459096,9.6449175824
55.2027281746,11.503197497
39.9333333333,15.9666666667
34.255982906,16.8
28.1670634921,18.5149267399
38.0777777778,14.1833333333
53.9111111111,8.2277777778
61.1444444444,6.6611111111
65.4777777778,6.8833333333
65.3055555556,6.5369047619
66.3742063492,5.1611111111
64.0154761905,5.15
65.1111111111,5.2666666667
65.205006105,4.7142857143
66.5113247863,3.8340277778
68.488034188,6.0079365079
63.45,9.5833943834
59.4333333333,10.8908730159
48.6444444445,13.8
33.4722222222,17.4
28.5166666667,18.8333333333
30.8456349206,17.0301587302
41.1375,13.8498015873
54.4722222222,8.4722222222
56.2222222222,8.8
63.3777777778,6.9611111111
65.9130952381,5.3944444444
67.7888888889,4.5333333333
67.0060515873,5.2415674603
66.3126984127,5.1833333333
66.6260683761,3.9555555556
67.1643772894,5.8833333333
62.8944444445,10.2377289377
54.8611111111,12.1373015873
34.946031746,17.5658730159
33.1,17.2277777778
27.8166666667,18.6722222222
24.9458066239,20.5940972222
33.9598290598,16.2025641026
47.5944444444,11.2555555556
60.0222222222,7.4333333333
62.1146825397,6.8611111111
66.4555555556,6.2301587302
65.2444444445,5.1555555556
64.6002164502,4.7621212121
63.5518518519,4.2412698413
62.5931216931,3.6518518519
65.4277777778,6.2388888889
57.3166666667,11.4138888889
56.95,10.15
52.6252136752,10.0730769231
51.0722222222,10.8388888889
54.4464285714,8.0436507936
57.621031746,7.95
63.6634920635,6.2277777778
63.9722222222,6.7055555556
64.4944444444,6.6007936508
65.5347069597,6.0007936508
65.4118131868,4.4658730159
66.2611111111,5.2333333333
66.023015873,4.4126984127
65.0537851038,3.7243589744
66.3204365079,6.1683150183
64.4888888889,9.4726800977
61.4777777778,10.6163003663
57.6444444444,10.4217643468
53.9277777778,11.1222222222
38.2277777778,16.3333333333
55.1944444445,9.6611111111
55.3523809524,7.2388888889
63.9125,6.1361111111
63.8833333333,6.9666666667
65.3555555556,6.1166666667
65.9321428571,5.1666666667
68.1119047619,4.2833333333
66.3079032079,4.4222222222
65.9873015873,3.95
67.7853174603,3.7888888889
65.2880952381,6.95
61.0488095238,9.8493284493
56.7357142857,11.3746947497
46.2277777778,13.1
28.8444444444,18.9948412698
23.581547619,21.0857142857
22.4496031746,23.1694444444
33.1817460317,15.9875
51.5,8.8555555556
60.6888888889,7.4833333333
64.6444444445,7.2236111111
65.0666666667,5.4555555556
66.9174603175,4.3388888889
64.3763431013,5.1666666667
66.6404761905,4.8222222222
66.403968254,3.8055555556
66.2607142857,6.6936507937
62.8666666667,10.2651098901
56.7222222222,10.903968254
48.9611111111,11.6666666667
41.0174603175,13.1432539683
37.7378472222,14.328125
45.7,10.7833333333
55.2333333333,7.5876984127
60.5222222222,6.6888888889
62.7029411765,6.8679738562
63.4389239029,6.1511788049
66.7917887668,5.153895757
66.1639461233,4.9874503968
64.677457265,4.7586805556
61.6337301587,6.8948412698
73.1137566138,6.4148148148
61.8592592593,11.8293854294
43.7259259259,15.0518518518
35.2088578089,17.4293706294
29.8388888889,18.3277777778
24.8214285714,21.1305555556
33.0444444444,15.7222222222
57.8376984127,7.728968254
57.9444444445,8.128968254
65.5294642857,7.7072420635
64.8400793651,6.4329365079
66.0886446886,4.9987179487
65.4444444444,5.1361111111
66.1408730159,4.4833333333
65.2412698413,4.2777777778
67.0095238095,6.0722222222
65.1869047619,8.9246031746
53.1944444444,14.0162698413
24.5111111111,25.000534188
19.0837301587,26.0801587302
24.5378968254,20.7962301587
24.7055555556,21.4
25.5142857143,21.4984126984
33.9333333333,16.8777777778
50.8607142857,10.2650793651
63.5777777778,6.2654761905
65.6357142857,5.5892857143
67.0341269841,4.5654761905
66.3932539683,4.6214285714
66.4023809524,4.9555555556
68.0828754579,4.0888888889
67.5761904762,6.2047619048
65.4904040404,9.9722041847
59.4,11.7808302808
54.3722222222,11.2198412699
47.1456349207,12.9678571429
47.2753472222,12.0083333333
46.2777777778,11.2742063492
54.3503968254,8.6555555556
58.8579365079,7.6630952381
65.7833333333,6.4444444444
67.2055555556,6.3611111111
65.5888888889,5.1103174603
65.6162698413,4.8555555556
65.7487179487,4.853968254
67.048015873,4.8222222222
68.683974359,3.5944444444
67.0984126984,6.1777777778
64.65,9.4577838828
54.4277777778,12.3035714286
40.0330853175,16.1360615079
33.2888888889,17.5666666667
34.5821428572,16.0777777778
27.4693833944,20.7373931624
32.2452380953,17.3055555556
44.8162698413,12.4575396825
54.9253968254,9.0579365079
60.9293650794,7.3111111111
66.6158730159,6.0166666667
66.1277777778,4.5666666667
65.0407738095,5.1399801587
66.2693833944,5.1357142857
66.8430250305,4.2194749695
68.2257936508,6.2
64.6492559524,10.3075053419
60.7055555556,11.0068986569
52.5777777778,10.9222222222
44.7444444445,14.9888888889
29.101984127,19.6111111111
42.2785714286,13.4571428571
58.8517361111,6.6923611111
64.9436507936,6.8928571429
65.2444444444,6.4317460317
64.8611111111,7.1222222222
66.201984127,5.7744047619
66.5992063492,4.9333333333
65.4456349206,4.8222222222
66.1023809524,4.7035714286
64.9032814408,4.3222222222
67.65,6.5281746032
64.6666666667,10.4156593407
57.9722222222,11.9952228327
47.9722222222,13.2666666667
36.9833333333,15.8888888889
35.4111111111,15.1555555556
45.8087301587,11.5115079365
56.961965812,8.4722222222
67.0250992064,6.30625
65.0555555556,7.5666666667
65.6277777778,7.4380952381
65.5817460317,6.4055555556
66.1511904762,5.4777777778
63.9293650794,5.7
65.4261904762,4.8611111111
63.9696733822,5.0428571429
67.5892857143,6.2821428571
62.6151289682,10.1331272894
59.1777777778,11.6174603175
50.1722222222,11.8055555556
50.3027777778,11.8571428571
51.6444444445,10.4666666667
53.9277777778,8.8277777778
61.45,6.8888888889
66.2765873016,6.6492063492
63.9833333333,7.3388888889
63.4111111111,7.5726495726
65.5388888889,6.6888888889
64.4845238095,5.0388888889
64.2944444444,5.8
65.2353174603,5.5444444444
65.2354700855,5.2
65.8313492063,7.2202380952
64.5277777778,10.1678571429
12.3984737485,34.2021825397
13.0305555556,32.7190934066
20.1583333333,27.398015873
26.6055555556,23.4444444444
29.7666666667,21.9555555555
46.75,14.2722222222
57.1119047619,10.0277777778
65.0825396825,4.6761904762
65.4409035409,4.8444444444
65.1280830281,4.828968254
65.7964590965,4.2222222222
65.9833333333,7.5474358974
62.3257936508,11.7503496503
60.0611111111,12.7113858364
49.2444444444,14.6777777778
32.8513125763,20.9990842491
28.2211805556,22.4708333333
39.5158730159,17.3380952381
54.3392857143,10.7611111111
65.0626984127,6.3333333333
65.5722222222,7.1996527778
65.7222222222,7.1722222222
65.3666666667,6.5166666667
65.8162698413,4.9055555556
65.2650793651,4.8888888889
65.9722222222,5.0944444444
65.0487942613,4.0555555556
65.9555555556,7.6277777778
63.3166666667,10.9964285714
50.4222222222,15.3626984127
37.5777777778,17.75
39.3166666667,17.4388888889
34.5555555556,21.0611111111
23.5091269841,25.4698412698
33.7936507936,19.8527777778
47.2888888889,13.5611111111
60.8166666667,9.6055555556
60.85,10.4388888889
60.9813492063,8.3388888889
65.3293650794,4.855952381
64.5436507937,5.55
65.6173992674,5.7388888889
65.4611111111,4.95
66.5722222222,6.1865079365
62.1888888889,11.5067765568
12.1666666667,35.5777777778
11.5349206349,34.6757936508
11.2537698413,35.3176587302
11.6414529915,35.1698412698
63.8507936508,5.2015376984
63.8565323565,4.5011904762
66.7833333333,6.2611111111
62.1111111111,11.3251526251
52.5777777778,15.3857142857
43.2944444445,14.85
37.1277777778,18.2
33.5615079365,19.7757936508
41.1587301587,16.3273809524
57.7666666667,9.7888888889
61.5444444445,8.4666666667
63.9666666667,7.5055555556
62.6912698413,8.0888888889
66.2444444445,5.8666666667
65.7349206349,4.6222222222
66.1166666667,4.7337301587
65.7083333333,4.5446428571
65.4711080586,4.1222222222
65.0849206349,6.2055555556
61.0555555556,10.9087301587
54.3405982906,14.1658119658
49.3072649573,14.25
51.1888888889,13.1722222222
51.8555555556,11.3388888889
52.6130952381,11.5
65.0972222222,5.7333333333
65.6833333333,6.1
64.1388888889,6.5611111111
65.4948412699,6.1444444444
65.3341269841,5.2222222222
65.3575396825,4.4666666667
64.0949328449,4.9666666667
64.2043650794,5.1833333333
64.8676892552,3.7111111111
66.8064102564,6.5674603175
63.6722222222,10.1523809524
57.7444444444,13.2206959707
55.0873015873,13.1031746032
58.1,10.4722222222
59.3888888889,9.0166666667
62.3861111111,7.85
65.2222222222,6.25
63.5821428572,6.8111111111
65.5031746032,6.8555555556
64.801984127,7.2833333333
66.9666666667,5.8396825397
66.2396825397,4.5444444444
64.9182539683,5
66.8869047619,4.4055555556
66.8803696304,3.6091269841
66.9944444444,6.2771825397
64.0611111111,9.9891025641
57.4,13.257997558
56.5277777778,12.25
54.2277777778,12.65
53.526984127,12.5222222222
54.8119047619,11.6924603175
64.3338522589,6.186019536
64.4007936508,7.121031746
65.4765873016,6.9967948718
66.2964476496,6.622542735
64.9444444445,6.0619047619
65.6722222222,4.6797619048
66.5031135531,4.6564102564
65.9892857143,4.5246031746
65.6558913309,4.1777777778
67.6248855311,6.2167467949
63.671963222,10.5774151774
61.086985237,12.4366809117
54.3247863248,14.3306356838
55.80625,11.0142361111
49.7811507936,14.9620115995
51.0099206349,13.6207837302
53.4401515152,11.8343434343
59.4979242979,9.1230769231
63.8830808081,7.054040404
63.7265873016,6.3551587302
65.4246031746,5.5837301587
65.1051587302,4.41875
64.975,5.019047619
65.5444444444,4.9111111111
64.9091269841,4.1611111111
64.1107142857,6.1761904762
61.621875,9.9371031746
57.5388888889,12.7571428571
59.3266788767,10.2134004884
58.1702380952,9.6284798535
62.1297924298,7.868040293
64.4226190476,6.6535714286
64.6023809524,5.5666666667
64.4718253968,6.4047619048
65.2605692918,6.2488476801
64.7945512821,6.0675213675
64.653968254,4.9992063492
64.9301587302,4.1611111111
64.5986912393,4.1932425214
64.4583638584,4.6760683761
65.6127194565,4.1511363636
65.7507936508,6.2174603175
65.0313492063,9.7124542124
62.7611111111,11.7389499389
61.4722222222,9.5423076923
61.2222222222,9.0888888889
63.540625,7.9460813492
63.5444444444,6.3388888889
62.7912698413,6.3777777778
64.7281746032,6.4603174603
65.6571428571,7.2166666667
65.380952381,6.9380952381
66.5435786436,5.5393162393
66.0869047619,4.7777777778
66.2178571428,4.6611111111
66.6536075036,4.8
65.6698107448,3.9166666667
71.1428571428,6.1213675214
68.4386243386,9.6502645503
66.7037037037,10.8125356125
64.8947089947,10.5804232804
64.8222222222,10.437037037
65.1111111111,9.2193732194
67.5037037037,7.6
68.953968254,6.5851851852
69.4349206349,6.2666666667
69.3703703704,7.3407407407
68.1788359788,7.7148148148
68.8656084656,6.1398504274
69.0761904762,4.7851851852
69.5222222222,4.6444444444
69.835978836,5.0592592593
68.9520833333,4.1638888889
66.6638888889,5.9821428571
64.4333333333,9.7246031746
61.6888888889,11.7404761905
59.4555555556,11.6579365079
56.4757936508,12.2015873016
53.6190476191,12.8376984127
52.7055555556,12.0166666667
55.4095238095,11.1884920635
63.1055555556,7.2444940476
66.8055555556,7.1111111111
65.6777777778,6.6666666667
66.823015873,5.5944444444
65.2825396825,5.2587301587
66.1781746032,4.8944444444
65.3337301587,5.0166666667
67.0402777778,3.8404761905
66.4476190476,6.351984127
64.2338293651,9.4939789377
61.8478632479,11.3731227106
61.7944444444,10.3503968254
63.0888888889,8.9404761905
64.005952381,8.276984127
64.0313492064,7.1277777778
65.2083333333,6.3888888889
65.2488095238,6.1936507937
65.9940972222,6.9853632479
66.9150793651,7.0067460317
66.9611111111,6.0944444444
65.9805555556,5.2
65.7099206349,5.4055555556
65.6690476191,5.0666666667
66.3543650794,4.6388888889
65.4394230769,5.1805555556
63.6166666667,7.8841269841
61.7611111111,9.5638888889
61,8.753968254
62.1833333333,7.1055555556
62.6440476191,7.2333333333
60.7043650794,5.7126984127
61.1402777778,5.2722222222
63.4637667888,5.15
64.7055555556,6.2992063492
64.4277777778,6.9162698413
65.3488095238,5.5777777778
65.9261904762,4.7222222222
65.5663919414,4.3102564103
65.3761599512,5.0183862434
64.8714285714,4.2833333333
66.255952381,5.7130952381
63.9978632479,9.6171855922
60.0817460318,11.0791514042
61.1611111111,9.9531746032
56.8912202381,10.5924107143
63.3777777778,7.5817460317
65.1111111111,6.2055555556
64.5682539683,6.4777777778
66.6277777778,5.8722222222
66.3845238095,6.3376984127
64.7388888889,6.7055555556
66.3968253968,6.3535714286
66.8674984738,4.8826388889
64.0054334554,4.9611111111
66.528968254,4.8166666667
65.9964896215,3.4944444444
67.4182539683,6.021031746
63.6908730159,9.3929181929
58.7111111111,13.4108613609
53.8277777778,14.0468253968
52.2888888889,13.5337301587
37.7293650794,19.7
54.2873015873,11.3630952381
58.7722222222,8.8444444444
64.95,6.6
65.1777777778,6.7833333333
64.2976190476,7.9166666667
65.8833333333,6.9555555556
65.87493895,4.6585470085
63.9476190476,5.1523809524
65.7369047619,5.5595238095
65.9428571429,4.3166666667
66.4773809524,6.3162698413
63.8444444445,10.0198412698
58.5888888889,13.5375
45.1876984127,16.0424603175
33.4666666667,20.3944444444
31.3,21.4888888889
29.6763888889,21.0527777778
42.6154456654,15.606959707
54.3055555556,9.9944444444
55.7198412698,10.9944444444
57.0119047619,10.4615079365
64.5718253968,6.0880952381
63.3678571429,5.1777777778
63.5658730159,4.9388888889
63.765995116,5.0055555556
65.9768620269,4.1253968254
67.1424603175,6.1333333333
63.4166666667,10.2218864469
60.1111111111,12.8137362637
41.0777777778,18.8722222222
29.8698412698,22.41996337
22.1111111111,26.1888888889
21.1313492064,25.4555555556
14.5236568987,31.5412698413
70.5337606838,7.6538461539
67.4833333333,9.844017094
64.7166666667,11.7492063492
37.6055555556,23.8055555556
27.1285714286,29.3450854701
30.3531746032,28.0561355311
31.6944444445,26.6277777778
29.3833333333,27.9444444444
32.3218253968,24.803968254
67.7424603175,7.5476190476
69.2404761905,6.9388888889
70.246031746,6.3222222222
68.2469246032,7.6044146825
67.0388888889,9.9067460317
56.6833333333,13.4337301587
36.2428571429,22.4646825397
17.3555555556,34.2055555556
19.3759920635,30.0515873016
28.1813492064,24.2555555556
29.2896825397,24.923015873
37.2555555556,18.2444444444
46.5095238095,13.3551282051
65.1166666667,7.6944444444
68.6904761905,8.330952381
67.4333333333,7.9444444444
62.7456349206,9.7726190476
65.5412698413,7.0444444444
69.8264957265,6.9179487179
64.0166666667,10.0055555555
49.0218253968,16.148015873
42.2243894994,17.4782356532
29.4134920635,24.1126984127
23.2222222222,27.9555555556
19.6166666667,29.4444444444
23.7285714286,24.8765873016
62.7944444445,7.8777777778
66.0277777778,7.7666666667
65.7991452991,7.6414529915
65.5670634921,7.196031746
69.397008547,7.4688034188
68.5726190476,10.0678571429
62.2555555556,12.1170634921
47.7602564103,15.2931623932
28.9313492064,26.255952381
16.2888888889,35.3571428571
13.3293650794,36.7571428571
18.357390873,31.3350694445
41.5369047619,17.8892857143
53.6333333333,13.0833333333
66.9833333333,8.4388888889
67.580109127,8.1265873016
66.8111111111,7.2444444444
68.8444444445,7.4166666667
68.3833333333,7.6555555556
69.5857142857,6.2888888889
67.9722222222,6.8611111111
61.6888888889,10.6444444444
55.3222222222,11.9166666667
44.4333333333,14.5888888889
30.0976190476,21.9924603175
24.7190476191,24.9452380952
27.2473710318,23.2694444444
39.8611111111,15.4392857143
51.3456349206,10.701984127
53.6666666667,10.5611111111
60.95,9.3444444444
65.1666666667,8.1833333333
68.3277777778,6.6666666667
67.7,6.8777777778
70.1214285714,6.3853174603
69.2722222222,6.5277777778
68.4055555556,8.3321428571
21.6904761905,29.446031746
32.3873015873,22.3714285714
25.2341269841,25.9515873016
23.1254464286,28.5164186508
53.3888888889,11.5
68.2,7.3666666667
68.9777777778,7.0875
69.1444444445,6.7944444444
70.6944444444,6.7068376068
70.094047619,7.4388888889
65.8222222222,11.1746031746
48.25,17.2472222222
32.6611111111,23.7388888889
21.7563492063,32.1734126984
13.2948412698,32.8
18.8892857143,29.096031746
27.1427083333,24.9732638889
36.6166666667,20.2388888889
48.6611111111,13.3722222222
55.2972222222,10.1738095238
66.7,7.4722222222
70.2277777778,7.5722222222
68.0444444444,7.4111111111
68.9105502137,6.6248397436
71.0785714286,7.553968254
67.15,10.8642857143
60.3888888889,12.9432539683
42.6388888889,16.6388888889
34.4166666667,22.8722222222
36.9944444444,18.8055555555
53.8611111111,10.1611111111
59.65,9.3
66.6722222222,8.1166666667
68.7277777778,8.3444444444
66.7777777778,9.1611111111
67.3166666667,7.9611111111
70.1555555556,7.2555555556
67.9,7.7111111111
66.7833333333,8.5333333333
68.1452380952,7.2111111111
67.6222222222,7.7686507936
65.4416666667,11.2273809524
57.4666666667,12.646031746
42.4277777778,18.2317460317
30.8738095238,24.6388888889
34.4888888889,20.8277777778
50.9013888889,11.8555555556
60.8353174603,8.3666666667
67.0444444444,8.2388888889
68.5083333333,8.6027777778
67.1444444444,8.05
68.5,7.9555555556
69.0944444444,7.8833333333
69.3166666667,7.7722222222
68.8888888889,7.2055555556
70.1944444444,7.1944444444
69.5055555555,6.9333333333
67.0888888889,9.6567460317
60.8388888889,12.3976190476
57.0988095238,11.3996031746
53.9777777778,11.1166666667
58.4353174603,9.7349206349
61.0666666667,8.5444444445
69.2345238095,7.4055555556
69.3166666667,7.7777777778
68.8218253968,8.2222222222
68.85,8.975
69.85,7.5
68.5222222222,6.7388888889
65.1944444445,7.4944444444
63.2611111111,7.5111111111
62.1055555556,7.8333333333
69.6222222222,7.5777777778
65.9,10.6134920635
62.3111111111,12.4638888889
55.0777777778,12.9912698413
44.7722222222,16.0111111111
31.9396825397,21.8357142857
41.6722222222,15.4706349206
59.4833333333,9.0388888889
65,8.5388888889
67.7154761905,8.2388888889
67.9833333333,8.9134920635
65.9547619048,9.0123015873
70.2604166667,7.0767361111
68.2611111111,7.8388888889
69.3722222222,7.6944444444
69.9166666667,7.05
70.3166170635,6.8886904762
67.0944444445,9.6781746032
59.1777777778,12.85
57.1291666667,12.5388888889
38.3555555556,17.8111111111
41.4666666667,17.3388888889
51.7777777778,11.9277777778
45.7944444445,14.3055555556
61.6333333333,9.3055555556
61.4944444445,9.5666666667
66.9277777778,9.2666666667
69.3166666667,8.3055555556
68.7833333333,7.9111111111
69.6833333333,8.1222222222
69.2599206349,7.4928571429
71.5666666667,6.45
69.7611111111,6.8944444444
67.4166666667,9.976984127
61.2277777778,12.2400793651
58.0611111111,11.7833333333
36.55,20.0888888889
30.9777777778,22.0833333333
45.2277777778,13.6333333333
57.8444444444,8.9166666667
62.3333333333,8.8166666667
65.3833333333,9.2444444444
65.95,9.4555555556
69.9833333333,8.5388888889
69.6666666667,7.7888888889
69.6333333333,7.7444444444
70.2111111111,7.9555555556
70.0444444444,7.2555555556
70.7666666667,7.2317460317
67.8854700855,9.6636752137
64.6944444444,11.0307387057
63.7444444444,10.2055555556
62.6444444444,9.0781746032
59.4111111111,8.8833333333
54.2277777778,13.0111111111
54.4472222222,14.8416666667
53.2666666667,15.6940972222
61.9984126984,7.6865079365
66.9944444444,7.2722222222
65.8055555556,7.4
71.0380952381,7.2666666667
67.1722222222,10.2285714286
62.9888888889,11.5682539683
61.2162698413,11.321031746
54.6166666667,11.601984127
56.0333333333,11.4555555556
56.9388888889,9.0444444444
60.7833333333,8.1111111111
65.4472222222,8.8162698413
67.8166666667,8.6277777778
68.4333333333,9.0444444444
68.3,7.95
68.7111111111,7.3777777778
69.8666666667,7.3277777778
69.4777777778,7.4055555556
68.2833333333,6.1277777778
68.2722222222,7.8055555556
67.2555555556,9.5444444444
61.4555555556,12.1277777778
46.9487179487,15.4371794872
37.3222222222,19.1222222222
37.5003968254,20.3379960317
58.8222222222,8.9
64.6388888889,7.8777777778
70.4833333333,7.95
67.4166666667,8.7888888889
67.3119047619,9.621031746
68.5333333333,8.6611111111
68.0658730159,7.9619047619
66.2833333333,7.9333333333
68.05,7.9611111111
69.6555555556,7.3611111111
66.6888888889,6.9587301587
59.9888888889,10.15
49.4333333333,13.6944444444
35.6444444444,19.4444444444
27.7111111111,23.2944444444
25.95,23.55
27.2722222222,25.6277777778
24.2888888889,25.7333333333
42.4722222222,15.0055555556
42.7222222222,13.8777777778
52.2333333333,16.8777777778
60.2333333333,11.3777777778
69.2611111111,7.2083333333
67.2055555556,7.6055555556
66.9444444444,7.2444444444
69.0722222222,7.6166666667
65.0218253968,10.4091269841
61.9493551587,12.0019345238
54.4436507937,12.1801587302
54.5277777778,11.7722222222
47.7722222222,13.4277777778
59.0555555556,10.0111111111
63.6333333333,8.8833333333
66.7,8.6777777778
66.15,8.2
66.35,8.7111111111
67.3166666667,8.05
66.5277777778,7.6555555556
67.1444444444,7.8555555556
65.9833333333,7.4555555556
65.3833333333,7.3722222222
68.7428571428,7.4948412698
64.7444444445,10.9097374847
60.4253968254,12.0503052503
53.3388888889,12.9988095238
34.0722222222,20.4
28.0761904762,25.8055555556
27.3555555555,24.0833333333
25.0706349207,26.5908730159
41.2388888889,16.4277777778
56.6722222222,9.9388888889
60.5427350427,9.8705128205
64.6222222222,9.1486111111
67.4333333333,8.45
70.2777777778,7.6555555556
69.6563492063,7.7555555556
68.5833333333,7.8924603175
70.3944444444,7.3166666667
65.9777777778,10.0623626374
59.5948024198,12.4649350649
45.0611111111,18.0388888889
32.7944444444,21.9888888889
37.7666666667,19.4907407407
46,13.2333333333
59.8944444444,8.3888888889
65.7833333333,7.9666666667
69.1222222222,8.5277777778
67.1,9.2444444444
66.4888888889,8.5444444444
70.1902281746,7.5302083333
70.4888888889,8.1333333333
69.1222222222,7.8888888889
69.0555555555,7.2777777778
68.8111111111,6.9
66.8611111111,10.3666666667
58.5083333333,12.380952381
45.7952380952,15.471031746
35.528968254,19.9726190476
40.8329365079,17.6705128205
25.1,25.9277777778
55.3277777778,9.8666666667
59.0611111111,9.0055555556
62.5111111111,9.1666666667
67.8986111111,8.7180555556
66.453125,8.0944444444
67.9944444444,7.5555555556
64.8944444444,8
65.7222222222,7.9833333333
66.194047619,7.4111111111
70.4833333333,7.3222222222
67.15,10.0333333333
55.8944444445,12.9
43.75,17.9055555556
37.5111111111,20.2388888889
35.2666666667,20.55
36.6833333333,19.2055555556
60.8886145105,8.8958867521
67.6666666667,8.4777777778
67.6388888889,9
66.1803391053,9.1535353535
69.4722222222,8.5777777778
67.8944444445,7.2
70,7.4333333333
69.1944444444,7.2277777778
69.4833333333,7.4888888889
69.7476190476,7.6944444444
65.7333333333,9.4126984127
58.7833333333,12.255952381
37.5055555556,19.4277777778
38.1944444444,19.5722222222
35.7166666667,19.8944444445
45.9111111111,14.1111111111
62.2694444445,7.8833333333
67.8388888889,8.6777777778
68.1388888889,8.0166666667
66.5,8.7055555556
66.4458333334,7.7791666667
67.2777777778,7.0277777778
65.5333333333,7.9222222222
66.9777777778,6.8166666667
66.5178571429,6.8722222222
69.5516369048,7.3463789683
66.6611111111,9.8611111111
59.8888888889,12.8301587302
42.7055555556,19.8833333333
30.4182539683,23.7222222222
28.6277777778,24.6111111111
35.9888888889,20.8222222222
58.2555555556,9.3944444444
61.3944444445,8.95
61.1722222222,8.9611111111
64.0611111111,10.3226190476
68.4611111111,7.7722222222
68.7,7.9833333333
68.2111111111,7.7055555556
69.0555555556,7.2222222222
67.5333333333,7.6277777778
70.4433862434,6.5058201058
67.4,9.837037037
64.0814814815,11.8148148148
56.4888888889,11.3703703704
53.362962963,11.3777777778
50.9624338624,11.5238095238
54.2837962963,9.7560185185
58.5037037037,9.0296296296
67.2444444445,8.0148148148
69.1111111111,8.4740740741
67.3333333333,9.3037037037
67.7433862434,7.6481481481
68.9777777778,7.2962962963
69.1079365079,7.7253968254
68.9185185185,7.4074074074
69.9291005291,6.6296296296
69.4296296296,7.0148148148
67.6592592593,9.4
58.3070767196,13.1201719577
51.2930555555,12.8972222222
34.4074074074,19.9703703704
39.8518518518,15.1037037037
55.3703703704,10.1037037037
59.1703703704,8.3333333333
68.0111111111,7.5888888889
68.8888888889,8.5
68.7407407407,8.9333333333
69.1760683761,8.0254375254
70.2962962963,7.2666666667
69.3925925926,7.0148148148
68.9481481482,6.9851851852
72.7111111111,7.8944444445
64.7944444444,10.5408730159
58.2,14.2551587302
39.6305555556,21.1361111111
38.8222222222,21.8166666667
34.85,22.2111111111
26.4611111111,26.7611111111
39.3944444445,17.5388888889
62.0944444445,8.7722222222
55.5777777778,12.75
56.3,13.1777777778
52.7888888889,13.2388888889
59.1277777778,8.9777777778
67.25,7.7666666667
69.8611111111,7.8634920635
70.6607905983,7.0426282051
70.4444444444,7.95
65.8833333333,10.951984127
60.0166666667,12.7944444445
37.8444444444,20.026984127
30.2547619048,23.4615079365
27.6555555556,25.8051587302
25.7777777778,25.4333333334
31.4166666666,21.0222222222
58.0444444444,11.596031746
59.3555555556,11.4694444444
65.3222222222,10.5611111111
68.5555555556,8.7055555556
70.0301587302,7.8416666667
69.0065438034,8.4443910256
67.6722222222,7.4166666667
70.5055555556,7.2944444444
69.7095619658,6.9312003968
65.0944444445,10.3277777778
63.5665674603,11.1673115079
59.1055555556,11.3333333333
59.5111111111,11.4388888889
59.7478632479,9.7816239316
62.4611111111,8.2166666667
67.6666666667,7.5055555556
67.9222222222,9.0111111111
65.0611111111,9.4555555556
60.9948412698,9.4642857143
57.7055555555,9.2166666667
67.7444444445,7.9
68.6888888889,7.6
67.5611111111,8.1055555556
69.65,7.4444444444
69.1826388889,7.1027777778
64.9952991453,10.0397435897
58.5097718254,11.8081845238
43.3666666667,16.7166666667
36.5555555556,19.2158119658
31.4444444444,22.8166666667
41.3777777778,15.8722222222
57.6222222222,9.4
64.1444444445,8.6666666667
67.4388888889,8.844047619
68.8,8.2944444444
69.2222222222,8.05
69.3146825397,7.7611111111
68.7611111111,8.7388888889
68.1904761905,8.0948412698
68.4381944445,6.8861111111
70.3626984127,7.7841269841
66.5444444444,10.3666666667
61.2888888889,11.7222222222
49.8944444444,15.8718253968
34.6666666667,20.15
30.8833333333,22.8166666667
31.75,22.65
42.9777777778,16.2694444444
57.6555555555,9.9333333333
61.35,9.6611111111
67.1166666667,9.1333333333
68.9277777778,7.8222222222
69.6166666667,7.8222222222
69.0004960318,8.3775297619
68.0222222222,8.526984127
68.3722222222,7.1222222222
69.1333333334,7.1166666667
66.2666666667,10.701984127
58.1333333333,12.501984127
37.9432539683,18.3781746032
35.2555555556,20.3611111111
30.2,23.0111111111
24.7710470086,26.075667735
35.3733211233,18.6847680098
50.7531746032,12.8757936508
63.5666666667,8.9444444444
65.9277777778,8.6388888889
67.8722222222,8.4777777778
67.7222222222,8.1222222222
67.4893939394,7.8303030303
67.8952380952,7.8915343915
68.5777777778,7.2814814815
68.2055555556,6.95
63.0944444444,9.8777777778
60.8777777778,11.3234126984
60.6444444445,10.6222222222
55.6495726496,10.8213675214
53.9055555556,11.5555555556
59.5194444444,9.0257936508
58.1444444444,9.0666666667
66.7111111111,8.6
66.4,9.2833333333
66.9444444444,9.3777777778
69.0611111111,8.2944444444
67.9051587302,7.1535714286
68.1166666667,8.0222222222
68.5166666667,7.1555555556
68.5042735043,6.6602564103
69.9904761905,7.269047619
67.9722222222,10.2011904762
64.3388888889,11.8416666667
61.35,11.7829365079
56.9722222222,11.7722222222
41.8777777778,17.4388888889
57.7666666667,10.3111111111
59.9,9.2333333333
66.5875,8.7111111111
66.6944444445,9.1726190476
69.3611111111,8.705952381
68.4662698413,7.8555555556
68.2777777778,8.0277777778
68.5666666667,7.5
69.3626984127,6.8444444444
69.2055555556,6.4388888889
67.1400793651,7.6333333333
63.7392857143,10.3849206349
59.9873015873,11.6757936508
49.5055555556,13.7777777778
32.1111111111,20.5797619048
27.5078869048,23.985515873
25.6055555556,25.6277777778
34.375,18.9136363636
55.4944444445,9.9333333333
63.85,8.7833333333
65.8486111111,9.0277777778
69.8365079365,7.8726190476
67.7111111111,7.6111111111
67.6888888889,7.6087301587
68.2944444445,7.1888888889
68.2166666667,7.1944444444
68.8666666667,7.4277777778
65.3333333333,10.6615384616
59.45,11.1166666667
50.4888888889,12.5873015873
43.8373015873,13.2099206349
42.661359127,14.2280753968
46.4055555556,11.4777777778
57.4488095238,8.7027777778
64.1833333334,7.8444444444
66.8549019608,8.6176470588
67.681092437,8.5317139356
68.9736416362,7.7706387363
68.1137400794,6.912202381
66.9874732906,7.6771901709
61.6023809524,10.2688034188
72.962962963,7.3777777778
68.0423280423,10.144973545
60.5185185185,12.2603174603
44.5777777778,16.6074074074
35.9874125874,20.7328671329
32.5111111111,21.0111111111
28.8765873016,23.3317460318
33.2968253968,18.5257936508
60.6928571429,9.5194444444
61.6698412698,9.5547619048
68.969890873,9.5557539683
68.0166666667,9.0432539683
69.0376068376,8.4303418803
68.6166666667,8.2722222222
70.5333333333,7.4166666667
68.9333333333,7.6833333333
69.6055555555,7.4111111111
66.6797619048,9.4325396825
56.3055555556,13.4444444444
27.2222222222,26.7611111111
18.9888888889,30.3071428571
28.2284226191,23.8486111111
27.9111111111,25.8277777778
27.4190476191,25.6027777778
36.3333333333,19.5166666666
54.0349206349,12.096031746
65.2111111111,8.7305555556
69.0055555556,7.7388888889
68.5666666667,7.3888888889
67.7226190476,7.3956349206
67.7944444445,7.7166666667
69.4301587302,7.1646825397
69.7888888889,7.55
67.6575757576,10.4774170274
61.8333333333,12.7246031746
59.2222222222,11.8523809524
51.1412698413,13.5043650794
50.621875,12.1100694444
48.7373015873,12.7825396825
58.2888888889,9.7388888889
64.4567460318,8.9511904762
68.3055555555,8.9611111111
70.0888888889,8.5277777778
67.1404761905,8.3055555556
68.9111111111,7.4011904762
68.2543650794,7.8646825397
70.0055555556,8.5166666667
70.0222222222,6.3055555556
69.9555555556,7.3722222222
65.3444444444,10.1833333333
56.7611111111,13.2722222222
42.3253472222,18.4438492063
36.4888888889,19.8944444444
37.6623015873,18.0682539683
32.3517094017,21.9974358974
33.5111111111,21.1682539683
47.3908730159,14.1412698413
56.6746031746,11.3023809524
62.8888888889,10.0388888889
70.2444444444,8.2722222222
69.4555555556,7.0611111111
69.5270833333,8.2959249084
68.0630952381,8.3686507937
69.2273504273,7.6987179487
69.6777777778,7.4777777778
67.9299603175,10.2785714286
62.8222222222,11.0503968254
56.2166666667,11.8746031746
49.75,15.0694444444
31.546031746,22.3353174603
45.4190476191,13.8892857143
62.1524305556,8.7944444445
67.8123015873,8.7313492063
69.7666666667,8.4876984127
68.0722222222,9.3150793651
69.2661210318,8.0040674603
68.9892857143,8.0888888889
68.35,7.5833333333
68.876984127,8.469047619
67.8444444444,8.0888888889
69.2333333333,7.4222222222
67.1666666667,10.2853174603
60.4,12.5734126984
50.2333333333,13.3944444444
38.5555555556,18.9944444444
39.0055555556,18.6333333334
48.1313492064,13.7007936508
61.5461538462,9.5820512821
69.0389384921,8.3850198413
68.6388888889,8.8055555556
68.1388888889,9.1996031746
68.5,8.9444444444
67.9107142857,7.7
67.3777777778,8.4666666667
68.5,8.2277777778
68.0071428572,7.930952381
69.3420634921,7.4587301587
66.6527777778,10.3431051587
61.1055555556,11.678968254
54.2222222222,12.4333333333
54.9242063492,11.4412698413
55.1,12.1888888889
57.9888888889,10.1944444444
66.2722222222,8.75
66.4321428572,8.5543650794
65.9444444445,9.8666666667
65.9820512821,9.6794566544
69.1277777778,9.1166666667
68.0833333333,8.15
67.6,8.5388888889
69.3277777778,8.3555555556
67.6888888889,8.0444444444
68.2666666667,8.4388888889
65.9277777778,10.6611111111
50.6876984127,19.9979242979
13.6857142857,36.4461538462
12.4696886447,36.9382783883
21.9549603175,30.5251803752
27.6892857143,27.9908730159
31.6321428571,25.9611111111
36.2611111111,26.45
48.3944444444,17.4718253968
58.5555555556,13.5746031746
67.4904761905,8.0615079365
67.0277777778,8.5777777778
67.2535714286,9.1063492064
68.6222222222,7.6444444444
69.9888888889,8.4333333333
64.9952380952,13.3603174603
63.7388888889,13.5833333333
50.1222222222,16.9222222222
34.6923076923,24.7448717949
30.1128472222,27.7920138889
41.1865079365,20.5587301587
58.9055555556,14.1055555556
69.1777777778,8.4388888889
67.584375,9.8131944445
67.7833333333,9.7666666667
68.9333333333,9.3126984127
68.9666666667,8.2
67.9944444444,8.4944444444
68.1833333333,8.5833333333
68.128968254,8.1
67.2333333333,8.8166666667
65.0055555555,11.8333333333
52.7944444444,16.396978022
41.3333333333,19.5833333333
39.0111111111,20.8
37.4408730159,22.7353174603
25.0722222222,29.230952381
34.2444444445,23.25
50.6666666667,15.3111111111
64.1666666667,9.8444444444
62.9666666667,11.3666666667
63.1611111111,11.0611111111
68.1722222222,8.1777777778
67.9444444444,8.7444444444
67.9444444445,9.3333333333
67.2,8.4833333333
68.7888888889,8.2333333333
63.9888888889,12.3202380953
10.6913919414,40.3027777778
10.2849206349,37.446031746
9.7814102564,40.2623015873
9.1422771673,43.6335470086
66.5893353175,9.2130952381
67.0111111111,8.3388888889
69.0277777778,8
64.3722222222,11.9055555556
56.8055555556,15.3111111111
44.2722222222,18.3
38.0277777778,22.9944444444
35.7555555556,22.8202380952
42.8202380952,19.2182539682
61.0111111111,11.2333333333
64.1277777778,10.4
65.6722222222,9.7333333333
64.8055555556,10.8444444444
68.1055555555,8.6111111111
69.3111111111,7.3444444444
68.3472222222,8.4138888889
68.5430555556,7.6152777778
68.4055555556,7.4333333333
68.1444444444,7.5333333333
63.7777777778,11.2583333333
57.4602564103,15.3301892552
52.2252136752,15.9435897436
53.1111111111,15.6444444444
56.3722222222,14.8944444444
56.3555555556,13.3944444445
68.1857142857,7.8555555556
68.9333333333,8.0333333333
65.9833333333,9.2277777778
66.65,8.5722222222
66.5611111111,8.4888888889
67.7111111111,7.5277777778
66.3055555556,7.9
67.2944444444,8.6888888889
68.653968254,7.1111111111
68.8944444444,7.5666666667
67.35,11.0722222222
62.0944444445,13.9111111111
57.2722222222,14.4555555556
60.8222222222,12.75
60.9388888889,10.3277777778
64.7333333333,9.7277777778
66.6222222222,8.1888888889
67.3111111111,8.8277777778
66.4944444445,9.2277777778
66.7277777778,9.894047619
67.5555555556,9.0222222222
67.8222222222,8.1388888889
68.1,8.6222222222
69.2611111111,7.8333333333
68.3777777778,6.9666666667
68.1875,8.3236111111
65.308974359,11.0423076923
59.3055555556,14.4031746032
59.4333333333,13.8055555556
57.1166666667,14.2833333333
56.6722222222,14.8333333333
56.8833333333,13.9111111111
65.3917887668,8.535989011
66.0738095238,8.6341269841
68.3555860806,8.9545787546
68.5890491453,9.4848824786
67.2277777778,8.9111111111
70.1,7.75
67.614957265,8.2521367521
68.4928571429,7.8865079365
67.9111111111,8.2388888889
70.4787126069,6.9491185897
65.6468660969,11.0981546231
63.0982128982,13.4949319199
57.2052503053,14.3327762515
58.1877976191,12.7092261905
51.6601190476,16.0172619048
54.5461309524,14.5557539683
56.7674242424,13.594949495
62.4094017094,10.9504273504
66.0007575758,9.5954545454
66.9875,10.2180555556
68.7261904762,8.4138888889
67.8149305556,8.021875
66.8666666667,8.35
67.8388888889,8.4277777778
65.5833333333,8.3944444444
66.8958333333,7.7388888889
62.6368055556,10.6628472222
60.3361111111,13.1486111111
60.8738095238,11.2577228327
59.973015873,11.0937728938
63.2701159951,9.7467338217
66.4011904762,8.398015873
67.8833333333,8.3166666667
68.7686507937,8.6642857143
67.8568910256,8.6145184676
65.0213675214,8.249465812
68.955952381,7.823015873
68.0944444445,7.3222222222
67.3168803419,8.3325854701
68.0381868132,8.0141330891
68.4622790404,7.3091224747
68.8944444445,7.8333333333
67.4884920635,10.4007936508
64.35,12.6277777778
63.9055555556,11.4
64.5722222222,10.8444444444
66.3793154762,9.1763888889
65.1944444444,8.6722222222
65.95,8.3944444444
66.6619047619,8.755952381
67.4797619048,9.5424603175
68.5111111111,8.9833333333
69.4645299145,8.2867521368
68.2944444444,8.3611111111
68.5555555556,8.0666666667
66.7444444445,8.1595238095
68.6277777778,7.6888888889
69.4296296296,8.2888888889
68.0740740741,11.7010582011
64.8222222222,12.3698005698
62.2105820106,12.726984127
63.837037037,12.4444444445
64.0444444445,10.1481481482
65.6,9.1481481482
66.2296296296,8.6740740741
66.7481481481,9.0592592593
67.8518518518,9.7851851852
67.5481481482,9.9492063492
69.3902777778,8.7208333333
69.1777777778,8.2740740741
67.9777777778,8.237037037
67.1037037037,9.0592592593
66.4541666667,7.8805555556
69.75,7.3055555556
67.3888888889,10.4543650794
64.6666666667,12.4309523809
61.1666666667,12.6222222222
59.8833333333,13.0333333333
56.45,14.8777777778
56.1388888889,14.5515873016
58.1376984127,13.4896825397
65.89375,9.2427083333
67.9333333333,9.4055555556
68.0388888889,9.1611111111
68.6611111111,8.0555555556
66.8777777778,8.1555555556
68.8666666667,8.8777777778
68.2888888889,8.6166666667
68.5,7.6555555556
69.0944444445,7.5277777778
68.0904761905,10.5531746032
65.4145299145,12.6071123321
64.3055555556,11.9833333333
65.5777777778,10.3333333333
66.7678571429,9.9936507937
66.9666666667,8.4666666667
66.6166666667,8.6111111111
68.1777777778,8.3555555556
67.5083867521,9.4219818376
68.2555555556,9.6666666667
67.9166666667,8.5666666667
69.1888888889,8.4555555556
68.4166666667,8.25
67.4722222222,8.4
67.5388888889,7.9777777778
66.6805555555,6.5458333333
66.1111111111,9.2444444444
65.4611111111,10.2722222222
64.5,10.0611111111
67.6666666667,8.8797619048
65.8222222222,9.1833333333
63.801984127,8.9424603175
65.0166666667,8.2222222222
66.45,7.9388888889
67.0777777778,9.1833333333
66.9611111111,9.4222222222
67.2833333334,8.9111111111
67.5166666667,8.1722222222
68.2833333333,8.1739316239
68.1641534392,8.1617724868
68.4222222222,7.9111111111
68.4603174603,7.6285714286
67.014957265,9.8944444444
65.2444444444,12.4738095238
63.9,11.7996031746
60.667609127,12.6401785714
67.6388888889,9.0111111111
69.9444444444,8.0055555556
66.9555555556,8.3555555556
68.4277777778,7.5666666667
69.026984127,8.148015873
69.0111111111,9.3277777778
68.6777777778,8.5111111111
66.7927083333,8.3482638889
68.0166666667,8.1388888889
69.4611111111,8.1888888889
68.3083333333,7.4321428571
69.0777777778,7.8888888889
66.6857142857,10.6976190476
63.1,13.5944444445
57.15,15.1055555556
54.0944444444,15.3984126984
40.7388888889,20.1166666667
57.1111111111,13.9222222222
62.6166666667,9.8888888889
67,8.7277777778
67.7944444445,9.2611111111
67.45,9.7011904762
67.4777777778,9.1333333333
68.2256410256,8.0568376068
68.0702380953,8.6464285714
66.0333333333,8.8388888889
66.95,7.6777777778
69.232936508,7.9892857143
66.7333333333,11.0555555556
61.5333333333,13.5837301587
45.7444444444,19.05
34.9166666667,24.7166666667
32.1111111111,25.2555555556
30.4821428571,25.7275793651
43.7610805861,17.7391025641
58.0777777778,13.3833333333
59.05,13.3944444444
60.051984127,13.9674603175
66.3111111111,9.6888888889
67.0111111111,9.1888888889
67.1444444445,8.0222222222
68.8944444445,8.4666666667
67.3988095238,7.530952381
68.2944444445,7.6222222222
65.5611111111,11.3366910867
62.3888888889,13.3444444444
42.4055555556,19.9722222222
28.9805555556,27.5320818071
21.9888888889,33.45
21.6492063492,32.9304029304
15.4484126984,37.1892857143
70.2239316239,5.5965811966
67.0178571429,7.6444444444
64.5277777778,9.9761904762
38.1388888889,21.9043650794
25.85,28.8401709402
27.9738095238,25.9002747253
32.4833333333,22.6666666667
29.7944444445,27.1055555556
30.8492368742,26.2761904762
66.5170634921,6.3246031746
67.5476190476,5.3916666667
67.5035714286,5.5591269841
67.9172237485,5.2746527778
66.4111111111,7.6222222222
58.2615079365,11.2781746032
38.6093073593,19.8533910534
20.0988215488,30.5256734007
19.2724969475,29.330982906
27.7777777778,24.1222222222
30.503968254,24.3619047619
37.6277777778,17.0666666667
45.605952381,13.5956349206
62.5746031746,7.05
66.4813492064,6.203968254
67.2611111111,6.4555555556
60.5083333333,10.4757936508
61.553968254,8.5888888889
67.5393467644,4.8794871795
65.0111111111,7.9777777778
51.1591269841,12.9591269841
42.2298229548,19.1533882784
29.5718253968,22.5123015873
23.0009259259,27.4277777778
20.5784722222,28.0444444444
22.9794973545,26.2415649166
61.2162698413,7.2134920635
65.1222222222,6.5388888889
66.6452380953,6.0213675214
64.7487179487,5.9738095238
69.8123931624,5.3632478632
66.9761904762,7.494047619
62.0444444444,10.1555555556
51.4739316239,14.0606837607
34.2619505495,20.4912698413
18.6380591631,29.0471139971
17.6206349206,31.501046176
19.4822916667,30.8005456349
41.6445970696,17.7992368742
52.3444444444,11.2666666667
66.4888888889,7.1555555556
65.9240079365,7.0724206349
65.1833333333,5.9126984127
67.5861111111,6.1333333333
68.1416666667,5.8777777778
66.1623543124,4.9777777778
67.4988095238,5.069047619
62.655952381,8.0388888889
58,9.9611111111
45.0611111111,14.1611111111
30.7547619048,20.8115079365
25.7349206349,25.9356684982
27.6979482323,23.3599116162
42.2178751804,14.6723484848
49.5658119658,10.9542735043
54.3099206349,10.5583333333
57.6777777778,9.4722222222
63.996031746,7.2444444444
68.0690476191,5.6
68.4302808303,5.7214285714
68.7492063492,4.821031746
68.5428571429,5.9166666667
69.8965811966,5.4888888889
26.3314102564,26.1132478633
23.246031746,30.1051282051
31.925,22.9115079365
24.366017316,24.6281385281
22.2263392857,29.4594742063
55.1186507937,10.3277777778
66.4305555556,6.0388888889
68.3617063492,5.9291666667
67.3873015873,5.9777777778
67.008974359,5.5517094017
69.1603174603,5.2666666667
65.0222222222,8.1388888889
48.8777777778,15.7222222222
48.7055555556,16.4333333333
34.3777777778,23.7092592593
23.897005772,30.4067580568
14.3423280423,32.7558201058
19.9141178266,29.6730998169
40.1111111111,19.6666666667
50.851984127,11.8166666667
57.4092352092,9.236038961
64.1472222222,6.9388888889
67.7,5.9388888889
66.85,6.1
67.8773809524,5.7625992064
70.4694444444,5.3738095238
67.9111111111,7.6722222222
61.4888888889,10.4944444445
44.6,17.1666666667
37.0055555556,20.4444444444
39.3948412699,18.5111111111
56.2055555556,9.4166666667
60.7158730159,7.9666666667
65.8837301587,6.1666666667
67.0777777778,6.8944444444
65.55,7.2333333333
66.5515873016,6.9555555556
68.425,5.8444444444
66.4448412699,6.6777777778
65.6512820513,6.4111111111
66.5541666667,5.4666666667
69.7067460318,5.5
64.8317460317,8.5376984127
58.8111111111,11.5
45.148015873,19.2777777778
32.7214285714,25.7559523809
37.1166666667,20.4222222222
52.656517094,10.025
59.7477411477,7.8111111111
65.9833333333,7.7888888889
65.2994047619,7.1513888889
67.3833333333,6.9166666667
66.4777777778,7.3944444444
66.4277777778,6.3944444444
68.2896825397,6.2888888889
67.4063492064,6.0043650794
68.8555555555,5.7055555556
69.3190476191,4.8666666667
68.1722222222,7.2888888889
62.8,10.4388888889
58.9107142857,10.0107142857
55.9222222222,10.0722222222
58.2347374847,8.1934676435
59.098015873,7.6055555556
66.0107142857,5.7111111111
67.7742063492,6.45
65.8305555556,6.5972222222
67.9277777778,6.5166666667
65.3043650794,6.6388888889
66.0837606838,5.5111111111
63.7043650794,5.7222222222
61.3083333333,6.4222222222
68.8444444445,5.6277777778
66.7103174603,7.8944444444
62.8777777778,10.0492063492
57.0666666667,11.6166666667
46.45,15.5611111111
34.8861111111,20.5527777778
44.0781144781,14.1323232323
58.2722222222,9.2763888889
64.3,7.0888888889
65.8793650794,7.2801587302
67.2333333333,7.3666666667
66.9599206349,7.3337301587
66.0565972222,5.978125
67.7944444444,5.7666666667
68.9269230769,6.2277777778
67.6238095238,6.3666666667
68.8459821429,4.953125
65.8666666667,7.0388888889
59.2888888889,11.7515873016
59.2763888889,10.5083333333
41.75,16.3722222222
44.455026455,14.0440476191
50.0964285714,10.6833333333
46.8492063492,12.2
61.2087301587,7.9
62.7488095238,8.1555555556
66.0214285714,7.2
66.0055555556,6.9388888889
66.7722222222,6.3166666667
67.6111111111,6.9222222222
68.4976190476,6.3261904762
68.2765873016,5.0166666667
68.3619047619,5.1
66.3,7.2686507936
61.75,10.6888888889
58.9555555556,10.8547619048
36.6724553225,20.5041181041
30.7981481482,24.2962962963
46.8868742369,12.3348595849
59.0746031746,8.0944444445
63.5666666667,7.6833333333
66.4051587302,7.4880952381
67.2444444444,8.05
67.1432539683,6.7388888889
68.5944444444,5.8777777778
69.3666666667,6.35
67.4328754579,6.4888888889
67.0174603175,5.8055555556
70.1607142857,5.2277777778
68.714957265,7.2388888889
64.8944444445,9.2444444444
62.8,9.35
61.2277777778,8.2611111111
58.7164502164,9.1828282828
54.7371212121,10.6484848485
54.1615995116,10.3802738928
51.9021901709,13.2673878205
63.5928571429,6.0722222222
63.7811660562,5.6456349206
70.5777777778,5.1833333333
66.7111111111,7.1944444444
63.9555555556,9.9035714286
61.807936508,10.4285714286
53.5053030303,11.2340909091
56.5930555556,9.6652777778
56.2734126984,8.5912698413
61.3880952381,7.9333333333
63.0801587302,7.3726190476
66.1119047619,7.5055555556
68.0142857143,7.323015873
67.7484126984,6.6
68.2341269841,5.6388888889
69.1111111111,5.8111111111
67.8833333333,6.4055555556
67.5075396825,5.9777777778
69.4833333333,5.8888888889
66.4666666667,7.25
62.6944444445,10.3111111111
51.0918803419,13.1837606838
40.0777777778,18.1388888889
39.515319056,18.0114853896
59.6093711844,8.5961538461
64.7202380952,7.1333333333
67.9845238095,6.8666666667
66.6888888889,7.8365079365
66.8174603175,7.9115079365
67.6444444445,7.4777777778
67.3035714286,6.419047619
68.3555555556,6.4777777778
65.8402777778,6.9888888889
67.6444444445,5.8777777778
65.8373015873,5.3666666667
61.3166666667,7.9611111111
51.7412698413,12.2888888889
38.646031746,20.2261904762
28.075,25.5194444444
26.5198412699,23.9875
26.1708333333,27.7944444445
23.6922979798,27.1990981241
41.9375,15.6055555556
41.111996337,14.565491453
51.0666666667,14.1277777778
60,9.7277777778
66.4666666667,5.2055555556
66.1865079365,6.0055555556
66.3432539683,5.3444444444
70.1896825397,5.1277777778
66.269047619,7.9861111111
62.6229662698,10.3247519841
55.394047619,11.8154761905
55.5055555555,11.3333333333
47.8893162393,14.0021367521
57.2555555555,8.5444444445
64.2944444445,6.9222222222
64.744047619,6.6388888889
65.3555555556,7.0944444444
65.4388888889,7.8055555556
64.3777777778,6.1944444444
65.5833333333,6.5166666667
66.1714590965,6.6666666667
65.1111111111,5.2055555556
64.2968253968,5.7111111111
71.4096320346,5.5611111111
66.5666666667,8.2333333333
62.2646825397,10.3880952381
55.0388888889,12.1388888889
36.45,19.8277777778
28.6323717949,24.8173076923
27.8071428571,24.5904761905
26.2547619048,24.669047619
43.0388888889,14.5555555556
57.4555555556,8.6833333333
61.7782051282,8.05
64.2722222222,7.5875
69.0111111111,6.3111111111
67.6611111111,5.8666666667
68.4837301587,6.3333333333
67.9380952381,6.5055555556
70.0722222222,5.5666666667
67.2666666667,7.8666666667
61.42498335,10.8112026862
48.0833333333,16.1583333333
33.9222222222,22.4277777778
38.1833333333,18.5650793651
47.3805555556,12.2569444444
60.4722222222,7.4111111111
64.5333333333,7.0111111111
64.8154761905,6.9222222222
65.9333333333,8.2111111111
65.8722222222,6.8
68.4128968254,6.0990575397
68.823015873,6.4555555556
68.0790598291,6.2111111111
69.3777777778,5.8666666667
70.3246031746,5.0666666667
64.2666666667,7.9555555556
60.1944444445,10.7902777778
48.5619047619,15.7571428571
35.9464285714,20.9067460317
42.6444444444,17.9055555556
26.7294871795,23.8649420025
55.0486111111,9.7305555556
58.5083333333,9.2166666667
60.8142857143,7.7722222222
65.8069444445,7.3097222222
66.3181051587,6.5215277778
67.1293650794,6.2222222222
65.8427350427,6.6801587302
65.2833333333,6.25
65.2333333333,5.7944444444
67.3317460318,5.15
65.5619047619,7.494047619
56.2123015873,12.3035714286
43.7666666667,19.5111111111
36.0222222222,22.7722222222
37.1888888889,19.0888888889
36.6374569875,18.2589049839
59.8109265734,7.6491331585
68.4003968254,6.4555555556
66.4833333333,7.5444444444
66.7952741703,7.3755411255
66.8888888889,6.7777777778
67.4444444445,6.0055555556
66.9166666667,5.9388888889
66.3646825397,6.1055555556
68.6523809524,5.6686507937
67.5047619048,4.9388888889
66.2388888889,7.346031746
62.455952381,9.7313492063
40.9628205128,18.6867521368
38.5444444444,20.0444444445
38.4277777778,17.0277777778
46.1965007215,14.3693181818
60.6228021978,8.5575702076
65.9722222222,7.3666666667
66,6.9444444444
64.5833333333,7.0388888889
65.6257936508,6.5694444444
66.5142857143,5.9722222222
64.096031746,6.2111111111
66.4252136752,5.3611111111
64.0873626374,6.1555555556
69.7044146825,5.0320436508
66.8666666667,7.1888888889
60.1,11.3
46.7833333334,16.0666666667
27.9021825397,27.7803571429
29.5666666667,23.4666666667
36.6611111111,19.3833333333
58.8444444445,8.0222222222
62.2476190476,7.9555555556
60.3666666667,8.8777777778
64.3944444445,8.3055555556
68.4,6.8333333333
67.8345238095,6.0341269841
68.1,6.0722222222
67.1555555556,6.1166666667
67.2757936508,5.9444444444
65.0328042328,5.1439153439
65.0518518518,7.4074074074
61,9.9555555555
53.962962963,10.3555555556
52.5111111111,9.9333333333
49.9059422059,9.8455026455
50.6536680912,9.479297246
55.3481481482,8.2814814815
60.6518518518,6.8518518519
64.4074074074,6.3481481481
63.5529100529,7.4888888889
63.3652421652,7.6761904762
64.2153439153,5.8846560847
65.9878306878,6.4349206349
64.8412698413,5.4444444444
63.7777777778,5.8074074074
65.335978836,5.0296296296
64.4740740741,7.2444444444
56.540542328,11.0432539683
50.0356481482,12.5023148148
32.6248677249,21.3243386243
39.0765432099,14.0845679012
53.5328042328,8.4666666667
56.6814814815,6.9661375661
63.9968253968,5.9444444444
64.5333333334,6.7333333333
62.962962963,6.9555555556
64.3013024013,6.4866910867
65.4931216931,5.9925925926
65.1481481481,5.9851851852
65.7407407407,5.7407407407
66.0064713065,5.7894179894
69.2333333333,5.65
65.6857142857,8.028968254
60.2388888889,11.6091269841
38.3416666667,21.1083333333
36.55,23.1444444444
34.6277777778,22.2111111111
27.1833333333,24.9777777778
41.1055555556,17.5166666667
61.0777777778,7.8666666667
56.6111111111,11.2011904762
55.5339285714,10.4916666667
52.6627946128,11.7543771044
58.9666666667,9.3833333333
67.85,6.6222222222
68.1154761905,6.4611111111
68.5883547009,5.9423076923
69.1055555556,5.0055555556
65.9611111111,7.8444444444
61.5777777778,10.0436507937
39.1396825397,20.1646825397
32.7698412698,23.3714285714
27.833994709,25.660978836
27.6936507937,24.7880952381
33.0777777778,19.9944444444
58.5428571429,9.0777777778
59.0722222222,9.3722222222
63.646031746,7.9373015873
68.4682539683,7.1888888889
66.4238095238,6.1011904762
69.0015491453,6.3193643162
69.2158730159,6.1444444444
69.3718253968,5.5555555556
69.797718254,5.4099702381
67.4111111111,7.5111111111
62.776140873,9.9785218254
57.65,11.2833333333
59.2277777778,9.5888888889
60.3547008547,8.2876068376
61.0555555556,7.7555555556
68.0555555556,6.1277777778
66.1702380953,6.9388888889
64.7444444445,7.9888888889
61.2531746032,8.7849206349
57.7666666667,9.2513888889
65.3253968254,6.0111111111
68.8111111111,5.9055555556
67.4320512821,6.2
68.7483211233,5.9170634921
68.9393353175,5.1538194444
64.9111111111,7.3944444444
60.0319940476,10.1507936508
44.7277777778,16.2777777778
40.8222222222,17.1914529915
33.4833333334,21.3444444444
43.9,14.7888888889
57.7297619048,8.2900793651
63.8833333333,7.3222222222
66.5,7.7833333333
67.0166666666,7.4555555556
67.2777777778,6.4277777778
67.3555555556,6.15
66.5603174603,6.8888888889
65.9014652015,5.0857142857
68.5736111111,5.3201388889
70.5399267399,5.1341269841
65.3333333333,7.9666666667
62.3333333334,10.371031746
52.85,14.1611111111
36.0833333333,20.5777777778
32.5555555556,22.4444444445
35.05,20.1555555556
43.1930555556,14.7930555556
58.9222222222,8.6444444444
61.7333333333,8.4888888889
66.8222222222,7.7444444444
67.0876984127,6.5666666667
68.4246031746,6.0388888889
68.1375,6.636359127
68.4222222222,6.5666666667
67.5658730159,6.2222222222
69.3642857143,5.2888888889
66.8797619048,7.9833333333
58.7833333334,11.2944444444
40.753968254,18.4158730159
36.1170634921,21.4222222222
30.8404040404,23.4060606061
27.2462835775,25.7582875458
37.3901709402,18.4991452992
50.9777777778,12.3611111111
61.3055555556,8.5611111111
65.4888888889,7.9666666667
66.9611111111,7.2444444444
66.8055555556,6.5277777778
68.4235930736,6.3454545455
67.2671957672,6.4746031746
67.7788359789,6.4814814815
69.3666666667,4.8444444444
64.7722222222,7.9611111111
60.3444444445,9.7444444444
60.4611111111,10.2833333333
56.9196581196,10.0196581197
55.0398989899,10.1929292929
59.128968254,7.9876984127
58.6333333333,8.1666666667
65.5444444444,6.8055555556
65.9888888889,7.8055555556
66.7551587302,7.4222222222
67.4277777778,6.5611111111
67.1285409035,5.8123015873
66.0051587302,6.4777777778
66.644047619,6.2722222222
67.1848595849,6.5794871795
69.8678571429,5.2785714286
69.5388888889,7.8833333333
62.9666666667,9.9773809524
60.2,10.2075396825
57.4222222222,9.6666666667
45.8888888889,14.0722222222
58.5702380952,8.7555555556
59.4691197691,8.568975469
66.0666666667,7.0513888889
65.2722222222,8.1222222222
66.8666666667,7.2777777778
64.7444444444,7.2
68.3,6.0722222222
67.4722222222,5.9777777778
67.6277777778,6.0166666667
68.8333333333,5.4111111111
68.75,5.3111111111
64.3130952381,8.0111111111
60.3468253968,9.9809523809
52.5666666667,12.0833333333
34.2833333333,21.7444444444
30.1827380952,23.314781746
25.7944444445,27.3111111111
34.9638888889,20.2444444444
55.7115384616,9.9290598291
64.9944444444,7.408974359
64.0236111111,7.6555555556
66.2944444444,6.8666666667
67.5964285714,5.5555555556
66.5857142857,6.9444444444
66.4951465201,6.5555555556
67.4936507937,5.3333333333
68.332936508,5.1277777778
64.3555555556,7.4623931624
60.6833333333,9.9079365079
52.8444444444,11.8047619048
47.0650793651,11.6642857143
43.8757936508,12.2780257937
47.6055555556,10.2333333333
56.9773809524,8.0321428571
62.0634920635,7.05
62.9405228758,7.6016339869
66.0162669234,7.0256419234
66.2939903846,6.4948756105
65.5573412698,5.5220734127
66.6894497863,5.7401709402
70.3560846561,7.4513227513
62.6,9.9111111111
48.962962963,16.1851851852
36.4881118881,22.5818181818
35.237037037,20.7
29.9436507937,24.0595238095
34.0888888889,19.0329365079
59.4158119658,8.9119047619
62.2456349206,8.4067460317
66.93125,8.2282738095
67.9134920635,7.8757936508
66.9986111111,6.9491452991
68.1388888889,6.4111111111
66.6761904762,6.2722222222
68.0944444445,6.1111111111
69.1492063492,4.6333333333
67.6007936508,7.8801587302
60.1333333333,12.1166666667
30.8821428572,23.9876984127
19.044047619,31.9527777778
28.6888888889,24.9777777778
28.3412698413,25.9944444444
29.4217171717,25.0945165945
37.7333333333,20.6444444444
52.1424603175,11.7107142857
64.5611111111,7.4222222222
69.453968254,6.4166666667
66.9666666667,5.8777777778
66.3654761905,6.1369047619
67.95,6.1166666667
67.2624847375,5.851984127
71.4603174603,5.15
68.1207070707,8.0292929293
62.9166666667,10.7091269841
60.5,10.6833333333
53.0111111111,11.6123015873
51.9138888889,10.7486111111
50.9432539683,11.1698412698
58.2722222222,8.7
64.3924603175,7.7603174603
67.1773809524,7.0444444444
68.8408730159,6.95
68.6388888889,6.9333333333
67.1396825397,6.1222222222
67.0599206349,6.346031746
66.553968254,6.8388888889
69.2888888889,5.35
69.1785714286,5.2420634921
67.7404761905,7.8277777778
57.6079365079,11.8222222222
44.7838293651,18.2203373016
39.1388888889,20.3055555556
37.7009102009,19.2637834388
33.123015873,20.8043956044
37.5119047619,18.8821428571
48.7535714286,12.3440476191
59.1996031746,9.0746031746
61.7111111111,8.7555555556
66.7444444445,6.9111111111
69.3777777778,6.3277777778
69.1662698413,6.8047619048
67.8884615385,6.1626984127
66.5538156288,6.458974359
68.2,4.9388888889
67.2,7.9180059524
62.5257936508,10.0333333333
56.7833333333,11.9333333333
50.5265873016,13.8126984127
35.1431623932,19.6686507937
47.1084249084,13.8115689866
61.4850694444,7.8795138889
67.930952381,6.7858974359
67.6277777778,7.4055555556
66.95,7.8666666667
66.7769345238,6.8067460317
69.0591269841,5.9166666667
68.4944444444,6.4666666667
68.0583333334,6.6722222222
67.5226190476,5.8611111111
69.7976190476,5.4
66.1111111111,8.4666666667
63.0666666667,10.4777777778
52.4333333334,13.4599206349
40.8111111111,19.3888888889
39.55,18.9111111111
47.5443121693,12.8197089947
60.0273199023,8.4299145299
68.7084821429,7.2149801587
67.4333333333,7.3722222222
66.9166666667,7.65
66.9111111111,7.7722222222
67.6166666667,6.7888888889
68.1666666667,6.25
67.1,6.1277777778
67.7503968254,6.405952381
67.5246031746,4.9253968254
66.2495535714,7.8898313492
63.3555555556,10.2111111111
55.4666666667,11.0888888889
58.7158730159,10.4603174603
55.532051282,11.2197496947
57.2583333333,9.4138888889
64.1944444444,7.1833333333
66.3563492064,6.7599206349
63.0722222222,7.3333333333
63.1756410256,8.0768315018
64.8523809524,7.1222222222
67.4777777778,6.0722222222
66.45,7.4666666667
65.7956349206,6.4444444444
64.326984127,6.1777777778
67.7845238095,6.0222222222
66.0992063492,8.6777777778
52.1944444444,14.5111111111
14.5785714286,31.3119047619
14.7244047619,35.4651515152
22.9388888889,29.051984127
26.8777777778,27.6944444445
33.1611111111,23.3222222222
48.2555555556,16.3833333333
59.5746031746,9.8
67.6161477411,5.6884920635
66.8833333334,6.1444444444
67.5086080586,6.7376984127
67.1051587302,6.1904761905
68.8900793651,5.7
64.5400793651,9.7952380952
61.7944444444,11.8384615385
49.6277777778,17.0198412698
37.044017094,23.5739316239
33.1111111111,23.5875
43.2507936508,16.4103174603
57.9444444445,10.7333333333
66.4936507937,7.7777777778
66.3336805556,7.9010416667
65.8944444445,7.8666666667
65.7777777778,7.75
66.6472222222,6.6055555556
66.45,6.95
67.1388888889,6.4555555556
65.8742063492,6.1055555556
68.0341880342,6.0888888889
64.9166666667,9.0055555556
54.4444444444,13.7388888889
41.9888888889,20.9
39.9134920635,19.7055555556
39.3333333333,18.9333333333
27.6777777778,24.9277777778
37.030952381,19.4658730159
51.4742063492,11.6388888889
63.9154761905,6.7555555556
63.1742063492,8.3
62.3186507937,8.9444444444
67.3277777778,6.3055555556
67.1099206349,7.2611111111
67.6369047619,6.5611111111
65.7611111111,6.6444444444
69.0055555556,5.9611111111
64.8055555556,9.4888888889
23.4555555556,34.6722222222
11.6234126984,39.4972222222
10.8444444445,38.3714285714
12.4208333333,35.7486111111
10.8571428571,37.3046092796
66.4137896825,7.0301587302
65.2722222222,6.5444444444
68.7119047619,6.0944444444
65.0277777778,8.9388888889
56.8888888889,13.1611111111
44.3666666667,18.4722222222
39.3055555555,22.3888888889
37.9611111111,21.6888888889
44.2706043956,15.2277777778
60.4555555555,9.45
62.8388888889,8.2722222222
63.9888888889,8.5611111111
62.7666666667,9.0388888889
66.2277777778,6.8444444444
68.25,6.3222222222
66.0293650794,6.4543650794
66.3125,5.9847222222
66.7277777778,5.7277777778
67.1607142857,5.1777777778
61.8083333333,9.1936507936
57.7747863248,12.5564102564
53.5209401709,13.3162393162
52.7067460318,12.8833333333
55.5111111111,12.0555555556
56.6222222222,10.3277777778
66.05,6.7444444444
66.2166666667,6.4388888889
65.2833333333,7.4555555556
66.5166666667,6.3944444444
65.8087301587,6.5388888889
67.2833333333,6.0888888889
65.1833333333,6.5166666667
65.630952381,6.7166666667
66.4452075702,5.5888888889
67.0234126984,5.3555555556
65.3222222222,8.1408730159
60.6555555556,11.601984127
57.6722222222,11.9888888889
59.571031746,11.4111111111
60.0055555556,9.7722222222
61.6638888889,7.75
65.2579365079,6.5555555556
63.8333333333,6.9833333333
66.1611111111,7.7555555556
65.1944444444,7.3166666667
65.7333333333,7.0555555556
67.2944444445,6.8055555556
65.6888888889,6.3888888889
67.0718253968,6.0722222222
66.7611111111,6.0666666667
67.4067460318,5.7069444444
66.2457264957,8.0068376068
59.3888888889,11.2904761905
57.5222222222,12.3611111111
56.9555555556,11.3944444444
56.3277777778,10.5722222222
56.0595238095,11.1777777778
64.0083943834,7.4233211233
65.1265873016,7.2126984127
65.979945055,7.1613553114
66.7889690171,7.4805021368
66.3111111111,7.0277777778
66.1805555555,6.2611111111
66.8197496947,6.114957265
67.5357142857,5.9126984127
67.3555555556,6.3277777778
66.7230540293,5.7019497863
65.0305601806,8.3801994302
61.7547267547,11.0738021238
56.7675747863,12.6154151404
58.1621527778,11.8795138889
52.5996031746,11.3390873016
53.9993055556,10.7276289682
56.4843434344,10.4861111111
60.8957264957,9.041025641
64.1760461761,7.8063852814
65.3305555556,7.6291666667
67.0357142857,6.7567460317
66.4017361111,6.3135416667
66.9722222222,7.0777777778
66.3166666667,6.3833333333
66.1666666667,6.6722222222
66.0386904762,5.6486111111
63.0517361111,8.2173611111
59.3361111111,9.9861111111
59.6423076923,9.5595238095
58.989957265,9.5736263736
61.7286630037,8.0624542125
63.8341269841,6.5825396825
65.930952381,6.3833333333
64.688949939,7.1170634921
66.4274992369,6.9610042735
64.4405830281,7.278525641
67.4218253968,6.2932539683
67.4508547008,5.6
66.9543650794,6.0009348291
66.5657203907,5.9884004884
64.8253021284,5.8249684343
67.3055555556,5.3611111111
66.6150793651,7.7408730159
63.1111111111,9.9388888889
61.85,10.3722222222
62.5166666667,8.9166666667
64.4473214286,7.7595238095
64.2222222222,6.4666666667
63.5055555556,6.7944444444
64.9412698413,6.9662698413
64.3646825397,8.025
66.1722222222,7.6
66.2123931624,6.9047008547
68.0388888889,6.2111111111
66.7123015873,6.3944444444
65.598015873,6.5166666667
66.0773809524,6.0555555556
70.6084656085,5.2148148148
68.3703703704,8.2222222222
66.5703703704,9.9555555556
64.0534391534,9.8661375661
65.0666666667,9.4888888889
64.8222222222,8.962962963
65.9481481482,7.5037037037
67.1185185185,7.1851851852
67.164021164,7.0888888889
67.5185185185,7.5259259259
68.1037037037,7.9925925926
69.2037037037,6.5185185185
68.4375661376,6.5481481481
69.9111111111,6.1111111111
68.6,6.7777777778
64.3597222222,6.6722222222
68.6277777778,5.1611111111
66.0166666667,8.3119047619
63.9333333333,9.8722222222
61.0333333333,10.6222222222
58.6777777778,11.0444444444
57.3222222222,11.9222222222
54.1384920635,11.3611111111
58.3908730159,10.3496031746
64.3909722222,7.9190972222
64.7333333333,7.3666666667
66.1888888889,7.3833333333
67.1472222222,6.9444444444
66.9,6.7555555556
66.6576923077,6.3
67.1773809524,6.5
65.173015873,5.55
67.6944444444,5.3888888889
65.9792162699,8.0456349206
64.6162393163,9.9806776557
62.6555555556,10.3198412699
63.9277777778,9.0388888889
64.3988095238,7.9742063492
65.6166666667,7.7166666667
63.7174603175,6.9944444444
66.3666666667,6.9666666667
66.0840811966,7.5210470085
67.05,7.2277777778
67.8777777778,7.0944444444
67.0134920635,7.0388888889
66.7146825397,6.6
66.028968254,6.7722222222
67.5611111111,5.95
67.4555555556,4.8263888889
65.7277777778,7.1111111111
65.3555555555,8.3277777778
64.1444444444,8.2388888889
63.9666666667,6.6444444444
63.3027777778,6.95
62.3714285714,6.5575396825
63.5484126984,6.1833333333
62.7055555556,6.6222222222
64.272985348,5.930952381
65.5764957265,6.2111111111
65.9443833944,5.8563492064
64.9566849817,5.1944444444
66.7862914863,5.6709401709
66.826984127,6.0874338624
66.6397130647,5.9555555556
68.0125152625,5.4936507937
65.0273504274,7.5465811966
63.3888888889,10.0166666667
63.0888888889,10.1055555556
59.8850694445,10.3185515873
65.2555555556,7.6444444444
66.7444444445,6.2944444444
65.8055555556,6.75
66.9388888889,6.6222222222
64.9734126984,6.7067460317
66.2055555555,7.7472222222
66.8333333333,7.0555555556
67.4094246032,5.8232638889
66.6,6.1166666667
67.0944444445,5.7611111111
66.201984127,5.9273809524
67.9587301587,5.5611111111
66.4027777778,7.971031746
62.9,10.5
57.2388888889,13.5222222222
53.7666666667,12.7111111111
43.6222222222,15.7611111111
55.5833333333,11.5722222222
60.869047619,10.0055555556
66.3222222222,7.5611111111
64.8678571429,8
63.9944444444,8.5222222222
66.45,7.6666666667
66.7073870574,6.2230769231
66.5194444444,6.8162698413
65.4666666667,6.6
65.705952381,6.1444444444
67.6305555556,5.2444444444
65.2,8.4166666667
60.6388888889,11.6428571429
46.5333333333,17.2888888889
34.6166666667,22.1531746032
31.9444444444,24.9166666667
33.2083333333,22.4638888889
45.21001221,15.0692918193
56.05,10.85
58.2944444445,11.35
59.8468253968,10.7313492064
65.9833333333,7.2722222222
65.8833333333,6.6722222222
64.6666666667,6.4666666667
65.1408730159,6.4055555556
64.7285714286,5.8281746032
66.3218253968,5.6638888889
65.9435897436,8.5722222222
61.6611111111,11.1888888889
44.8555555556,16.45
32.1793650794,22.5615079365
23.5444444444,26.8444444445
22.3924603175,27.905952381
17.380952381,31.746031746
67.3095806971,2.8047008547
65.6467615718,4.0944444444
63.823046398,5.5666666667
45.0911130536,14.0555555556
32.5138736264,22.4321428572
35.0485653236,22.1702380952
37.7069444444,17.5666666667
35.9896110834,17.3444444444
35.0213598901,16.7662698413
63.1884310134,3.0992063492
64.8640262515,2.7611111111
67.1607614608,2.4388888889
66.6447857698,2.6924107143
66.3189033189,4.0261904762
60.0504985755,6.2111111111
49.2840007215,10.1635225885
22.85503663,20.8440476191
18.3611874237,22.8050213675
26.5991341991,20.4155844156
32.6062881563,12.1531746032
38.158008658,8.9444444444
42.6681388057,8.2527777778
56.1236111111,3.6333333333
65.1151251526,3.4178571429
65.128495116,2.9166666667
66.3553824963,2.8380619381
65.97252331,4.1944444444
57.9726190476,7.5984126984
51.5621239871,9.5561965812
41.0686507936,15.5357142857
25.8747354497,16.9222222222
20.7031746032,18.8055555556
26.9502314815,15.098015873
28.0683261183,13.3555555556
62.5175925926,3.385042735
61.0927489178,3.2253968254
66.8281288156,2.7867521368
65.4805587931,4.2222222222
64.3863455989,5.7369047619
58.751029526,7.998015873
46.1651098901,13.0111111111
23.9310175935,20.9202380952
18.5608669109,20.8817460317
19.0302910053,19.9975198413
39.8121031746,9.3674603175
44.1120879121,7.2111111111
61.1175657676,4.2277777778
65.0455433455,3.8298611111
64.9511460762,3.1666666667
64.8706908832,3.3166666667
63.4007367632,3.4083333333
66.7101361601,2.8388888889
65.2868455619,2.7055555556
62.6581649832,4.8555555556
60.0477855478,6.6606060606
53.0696581197,8.5944444444
40.8208333333,13.3515873016
34.3032254782,16.6123015873
30.0111111111,12.778125
38.3119047619,8.4055555556
46.4961996337,3.4666666667
47.3147639398,5.0170634921
49.7774470899,3.5888888889
55.2181693307,3.4444444444
61.759210928,2.9722222222
64.4420995671,3.31875
66.1524336774,2.948015873
65.640480353,3.1055555556
65.973015873,2.8611111111
38.5776785714,14.4055555556
23.7734279609,20.6928571429
27.2365079365,17.8797619048
26.3619227994,16.1575396825
24.1154265873,18.3853174603
28.026778083,17.3666666667
59.039957265,3.2214285714
66.8453241203,2.7409090909
66.9498515374,3.5555555556
65.8441826692,2.9230769231
65.8780774781,2.5218253968
66.3398268398,4.3333333333
53.6658670034,8.7777777778
52.5449888075,9.2273809524
43.0494200244,14.7333333333
29.3172466423,15.0833333333
17.7041259666,19.8626984127
21.3527777778,22.9861111111
29.7318376068,15.5159722222
40.3449786325,8.5722222222
47.1069444444,6.6686507936
51.5733946609,4.173015873
67.2355635105,3.326984127
66.0668956044,3.5777777778
66.268513431,2.7232142857
67.4475427351,3.0426739927
64.7276251526,4.6777777778
62.9016506642,6.2162698413
55.5902486403,8.6833333333
47.7254273504,11.65
45.0575396825,9.7388888889
53.3664351852,3.9944444444
53.7027167277,3.7111111111
63.8011433012,4.0150793651
66.4235583861,3.5527777778
63.2515151515,4.496969697
64.7605769231,3.7277777778
64.0917915418,3.3111111111
62.6051161801,3.4329365079
63.7459998335,3.15
63.6260401635,2.9222222222
64.8610722611,2.6833333333
64.7963702964,4.3956349206
62.3476495727,5.7773809524
51.0714590965,12.7777777778
39.8091269841,12.3333333333
40.4370310245,10.8341269841
47.8365740741,5.4111111111
49.483471621,3.7186507937
57.4838161838,4.3
63.2327020202,3.9791666667
63.9629218004,4.1209401709
66.8482212232,3.8611111111
66.1299145299,3.3944444444
66.0630772006,3.5402777778
66.9689033189,3.1358974359
65.9295482295,3.2888888889
65.8093850594,2.6666666667
65.6602628853,3.7264957265
59.1617877493,6.3888888889
60.2278860029,5.973015873
57.5567932068,6.8
60.758008658,4.178968254
58.6974123099,3.55
62.8026404151,3.6611111111
64.7790524291,3.5277777778
65.5128385503,3.6571428571
67.2291208791,3.7430555556
66.3187049062,3.8555555556
66.4998529249,3.1341269841
63.5196599697,2.6833333333
62.1204365079,3.0297619048
62.7258671884,3.3944444444
66.3570970696,2.7448412698
64.298024198,4.0047619048
62.6193278943,6.0777777778
60.6145493396,6.7111111111
53.156990232,9.8555555556
41.6027777778,12.5678571429
41.4125,8.7722222222
48.6866522367,3.4611111111
51.8879176379,3.5325396825
65.135515873,3.9321428571
63.8539016539,4.3944444444
64.1713758464,3.5476190476
64.4256433381,2.7312003968
64.9773504274,3.1055555556
66.7509240759,3.2888888889
66.3904095904,2.8944444444
66.9949252137,2.7154761905
65.6361513487,3.776984127
63.1590728716,6.7095238095
59.8631410257,6.6406746032
49.7840909091,9.2833333333
49.9485449735,8.1222222222
43.1638888889,7.3222222222
39.3212181337,7.2444444445
49.2261294261,3.6388888889
50.0915764791,4.1111111111
62.465505328,4.1333333333
67.1691433567,3.6555555556
66.1486212861,3.4222222222
67.4687562438,3.6055555556
66.9175916676,3.5416666667
66.7968330281,2.8388888889
67.1594239094,2.8146825397
67.1081668332,4.5178571429
64.7583543771,6.0222222222
61.2628205128,6.0611111111
47.237530525,10.8897435897
37.1647306397,15.2908730159
41.6221500722,7.1091269841
50.7333333333,4.1515151515
50.5920662671,3.5103174603
58.7538600289,3.9420634921
66.2253468753,4.2944444444
66.4781926407,3.7111111111
65.7293595294,3.7611111111
65.2012321012,3.2904761905
68.336038961,3.2111111111
66.0362609613,2.671031746
63.6769230769,2.7222222222
67.7049852925,4.1234432234
63.1308337496,5.7611111111
59.2887445888,6.0787878788
56.5674603174,6.9111111111
60.8494463869,4.0337301587
50.8771645022,5.3222222222
48.9362840863,5.903968254
46.5574730825,7.9305555556
61.4826761202,2.7388888889
64.6478535354,2.5944444444
65.8517746143,4.3277777778
65.2673229548,5.75
62.9781662782,6.0162698413
58.8183760684,5.8444444444
57.2166065416,4.7666666667
52.0128739316,3.9777777778
53.806027306,3.90995671
52.8503607504,3.8972222222
61.929719586,3.7944444444
63.9722222222,4.0277777778
64.3782203907,3.4603174603
66.4942349317,3.0888888889
64.8687451437,3.0277777778
66.1198405761,3.3813492063
68.7294825545,2.6194444444
67.8769452769,2.8293650794
67.8755952381,4.3222222222
66.8972222222,5.7
58.8049825175,7.5564102564
41.8294871795,13.0444444444
45.6810661561,10.7211805556
54.8140970141,4.2222222222
54.5908924409,3.7226190476
63.5610708736,4.1611111111
65.2727813853,3.9087301587
66.1077380952,4.280952381
65.9768925519,4.1777777778
64.0549714175,2.8777777778
65.9972471972,3.2611111111
67.1198819698,3.6936507937
65.0987512488,3.1777777778
64.6598790099,3.1166666667
63.2456145706,4.5
59.3484848485,6.8380952381
51.9749632312,9.5357142857
39.0287393163,15.2722222222
29.2789201539,15.4198412698
26.9753933567,15.3948717949
26.7637917638,15.3599206349
39.55625,8.3611111111
43.7476870352,6.3055555556
52.5606227106,6.9428571429
59.2998778999,3.9337606838
63.6913961039,3.1555555556
64.0331779332,3.7833333333
64.7083435083,3.0281746032
68.179989455,2.7055555556
65.0329365079,4.544047619
63.3176549145,5.403125
59.2046959984,7.1888888889
56.4584401709,7.7777777778
52.0007478632,8.9
57.1719363969,3.7
57.4412968975,4.1257936508
65.370959596,3.9833333333
62.2323717949,4.3166666667
63.088243007,4.221031746
65.8093697969,3.5166666667
63.7026214526,3.1075396825
64.9159854035,2.7388888889
63.4541042291,3.2694444444
62.7334757835,3.0166666667
66.9218614719,2.9081349206
64.0363941614,4.9293650794
63.8256729382,6.1742063492
60.3586822899,6.7765873016
45.8474525475,11.9333333333
35.0597222222,13.975
27.2648809524,15.1944444444
23.981896891,17.4606060606
39.7460858586,7.894047619
50.7075729826,4.4115079365
52.4077755578,3.5760683761
55.4636779887,3.6263888889
65.5892857143,3.2166666667
65.4069569319,3.0857142857
67.4922244422,3.5097222222
67.8906746032,3.408008658
65.4388320013,2.8666666667
66.8498015873,4.7091269841
62.222044622,6.7793151293
54.8018162393,8.4
42.7663364413,14.0555555555
48.3441137566,9.8330687831
48.2173611111,7
54.2191933067,3.6222222222
56.5201599327,3.5
61.69498187,3.65
66.0163017538,4.2055555556
66.6962343212,3.7222222222
64.8188219188,2.9662202381
63.1915306915,3.1833333333
64.9358067858,3.2857142857
65.3186868687,2.7333333333
67.3231379731,2.95
65.0761294261,4.5924603175
61.9692955193,6.8843253968
53.9915140415,9.4718253968
45.9412698413,10.9170634921
51.0398730899,9.0388888889
37.5222222222,15.1833333333
54.857979798,5.3
56.3518823769,3.5333333333
54.6414862915,3.9444444444
60.4793664669,3.9125
64.7515398953,3.5499007937
66.126021201,2.8888888889
65.670032745,3.2555555556
65.7266913642,3.0888888889
63.2841297591,2.8361111111
65.9612637363,2.8111111111
61.9355311355,4.4527777778
60.3351010101,6.6166666667
50.2698412698,10.8833333333
44.0707926333,13.1564102564
43.0923687424,11.1166666667
40.7467171717,11.3666666667
51.7571588134,4.1207362082
62.3152569653,3.8
65.2163403726,4.3222222222
64.2076210826,4.4631313131
67.0176712177,3.8277777778
66.453486791,2.9722222222
65.8313542939,3.2638888889
65.8652958153,3.4
64.265965516,2.9214285714
65.8669108669,2.9666666667
64.875520313,4.1222222222
65.7633241758,5.5555555556
49.8333638584,11.1055555556
46.1428571429,11.2666666667
44.2021367521,10.2376984127
38.5950396825,9.6511904762
50.7293560606,3.8936507937
60.1774211899,3.55
62.2946581197,3.7833333333
61.5284511785,4.1448412698
61.2537286787,3.7097222222
63.0256969882,3
63.6441697192,3.4722222222
65.2626262626,2.9611111111
65.76498779,3.0666666667
65.8563367188,2.5365079365
65.4321733822,4.1444444444
62.2874847375,6.8
51.9682178932,11.1388888889
33.4322843823,15.4611111111
27.7361638362,16.1090909091
35.8945818071,9.5388888889
51.4792207792,4.6
54.4707722833,3.7555555556
53.2237789988,3.9611111111
55.1267348392,4.3392857143
62.1518939394,3.4277777778
64.0302743553,3.0087301587
67.5617257742,3.3361111111
66.378032153,3.1888888889
65.0441738817,3.0444444444
67.3107651608,2.153968254
68.0746845747,3.4296296296
66.9665649166,4.1333333333
65.4947385947,4.3703703704
63.05,3.9121693122
61.6173789174,3.5947089947
55.6932030932,3.0944444444
49.1460638127,2.9714285714
53.8756780257,2.8888888889
66.2173308173,3.4687830688
64.6811207311,3.237037037
65.2471139971,2.9862433862
65.1852730603,2.7625
66.2921707922,2.5908730159
65.2762546096,2.7076923077
68.3144540645,2.4518518519
69.8898928232,2.2
68.2873219373,3.4962962963
64.0944240944,4.6749338624
59.1107855108,5.6046296296
48.4412291412,7.8962962963
47.4085227273,6.5041666667
49.8029501363,3.1111111111
46.0165982166,2.5661375661
54.67003367,4.6
56.2904558405,4.3
66.1964128464,3.2651811152
68.0637402721,3.0461945462
68.2042938543,2.3703703704
66.4773208273,2.7925925926
65.1648758649,3.0074074074
66.0760757761,2.9481481481
67.3121850372,2.8333333333
63.2892316017,4.5841269841
62.7566336441,6.6222222222
47.1253205128,13.1486111111
45.9823070448,14.3400793651
42.4735042735,14.7611111111
38.5451923077,15.6611111111
46.1772435898,9.101984127
59.3623931624,3.6222222222
53.1032467532,4.2666666667
51.6992129083,4.2471861472
61.9100018038,3.0166666667
64.9380952381,3.6154761905
66.2101070226,3.2951923077
68.6252594628,2.5855311355
65.2187576313,4.6388888889
63.6391178266,5.9888888889
45.7088383838,11.2388888889
35.9242063492,12.9373015873
28.6484126984,15.8845238095
29.3566849817,13.4888888889
33.1138888889,10.5666666667
50.2423076923,4.4920634921
51.9815596441,4.1888888889
56.5137210012,4.3944444444
63.3310897436,3.6777777778
64.1027014652,3.3345238095
65.5485694861,3.308707265
65.7631507381,3.4142857143
67.5734376734,3.2777777778
66.8127539127,2.6400793651
65.4303266178,4.2833333333
64.993524531,5.9217757937
61.502991453,6.1571428571
59.9126984127,5.5333333333
61.0927096052,4.4483821734
57.3134395907,4.5818181818
63.7916305916,3.8222222222
63.9746124246,4.1
61.2954064454,4.4166666667
58.2490079365,4.0423076923
54.9597222222,4.0337301587
61.5815857753,3.0777777778
62.7707320457,3.5865079365
63.9234228734,3.1888888889
63.8311406186,2.7034722222
63.1191239316,3.9004273504
64.1452393671,6.3037202381
53.5726648352,10.3333333333
52.1134920635,9.4282051282
43.9325396826,15.1166666667
47.8697293447,9.6111111111
55.44498002,4.4944444444
59.4300505051,3.9833333333
65.420477208,4.5777777778
64.4481379731,4.2944444444
64.6172383172,3.525
67.412981463,3.2428571429
65.7746697747,3.5055555556
67.3817113442,3.6853174603
64.473539886,2.9909722222
67.7234279609,2.7373015873
66.0666347542,4.4293650794
62.5795981796,5.8924603175
54.8048738299,8.4
43.6554723055,12.3166666667
39.915018315,13.0333333333
40.4690476191,12.4071428571
39.6027356902,9.4916666667
49.6711640212,4.3444444444
50.9074252137,3.6523809524
56.6462153587,3.5996031746
63.5474289599,3.7555555556
63.0601648352,3.3611111111
65.2324879981,3.6648809524
65.5774114774,3.6888888889
64.2061919562,3.2706349206
67.1158730159,2.6111111111
65.7179834055,4.5222222222
62.2393849206,6.0813492063
47.6337301587,11.6718253968
43.8062881563,11.2166666667
34.9047619048,16.1463203463
31.4424603175,14.3976343101
31.3271043771,11.3842490843
43.1807539683,7.5611111111
50.4450632701,4.2444444444
53.2912441725,4.1642857143
64.5596847597,3.8388888889
65.7398453398,3.2277777778
64.120995671,3.6402597403
66.5045736671,2.5277777778
66.2119949495,4.2
63.7300213675,5.9555555555
60.2042059792,5.9944444444
60.2473290598,5.1914529915
55.81998557,4.8833333333
54.6732142857,4.105952381
51.6046717172,3.9777777778
62.806980057,4.0444444444
64.2589417527,4.1908730159
63.6957264957,4.5571428571
66.0391025641,3.6388888889
65.5192612943,2.8372100122
66.3030483406,3.1412698413
66.9491550117,3.0803113553
64.8710164835,3.0702380952
64.6479784105,2.7123015873
64.9478632479,4.2607142857
63.7569393569,5.7642857143
62.3471815222,6.0111111111
59.6047452548,6.1341991342
50.595040145,9.3837301587
48.1568091631,4.0666666667
49.1128066378,3.6833333333
57.5298687424,3.7027777778
65.0528277278,4.1865079365
64.8247308247,4.3111111111
63.3453192641,4
66.5240588116,3.2333333333
66.0852092352,3.1388888889
68.7005869131,2.996031746
67.3272435897,3.2095238095
66.9691613942,2.8277777778
63.1923821549,4.1571428571
58.8837495837,6.558008658
54.8889377289,8.4133333333
41.905465368,14.4944444444
38.7539529915,13.3029761905
29.889781746,17.65
33.7562770563,11.5551587302
48.0498647186,4.4996031746
51.2766414141,3.7023809524
63.6735551486,4.9263888889
66.464494302,3.5666666667
64.1173937174,3.171031746
67.230481093,3.0277777778
66.4001443001,3.5777777778
65.964741046,2.4611111111
64.768034743,2.7944444444
64.0432720058,4.5777777778
63.253454416,5.8444444444
58.4540598291,8.3222222222
54.4597402597,7.9961038961
52.9347222222,8.3663690476
51.044962445,5.25
49.8175595238,3.8996031746
53.6518518519,3.6333333333
59.6432872139,3.9777777778
62.8011963119,4.3214110644
63.7427267177,3.7098595849
65.8907810939,2.9056818182
65.4971955128,2.9887286325
62.4601037851,4.7468253968
69.0374625375,2.6592592593
68.9781625782,3.9814814815
62.4102360602,4.9703703704
53.2345441595,7.3037037037
36.703030303,12.7146853147
40.0345238095,13.6944444445
31.9787393162,13.7170634921
33.9304195804,13.2777777778
51.4291569542,4.2440476191
55.085016835,3.5650793651
58.0377816628,4.3863095238
64.6673770674,4.2476190476
65.2289779665,3.2307692308
65.6157647908,3.3333333333
66.1062261812,3.3311965812
66.5274350649,3.476984127
68.3507201132,2.4712121212
68.348529711,4.1091269841
61.4607087357,6.7555555556
37.2714077589,11.8
19.6292429793,19.7388888889
27.8009157509,17.3846726191
28.800213444,14.5444444444
29.2053904429,13.648015873
35.9926379176,10.4222222222
47.2655423281,6.153968254
55.9691690254,3.8111111111
65.9725126725,3.6
64.4186688312,3.169047619
66.1964202464,3.330952381
67.0251526252,3.4666666667
66.2053876679,3.1873015873
67.3445360195,2.7611111111
65.9753103378,4.2888888889
63.5832264957,6.3043650794
65.5875763126,5.7686507936
61.4794871795,6.8373015873
58.3853008103,6.302281746
56.7069088319,5.4027777778
58.7507992008,3.5939393939
59.3366883117,3.7694444444
62.3627650128,4.2757936508
65.7660547785,3.9944444444
67.3243978244,3.7718253968
66.3563852814,3.0666666667
67.6644383394,2.8781746032
67.2633547009,3.3003968254
65.1133977134,2.8666666667
65.9556693307,2.7785714286
66.668482906,4.1611111111
61.8936702187,6.4944444444
50.3301587302,10.7269345238
46.1046398047,11.5722222222
42.9723998224,10.5333333333
36.7190984941,13.0045177045
32.9212121212,11.5055555556
42.1933080808,7.5658730159
51.417002442,5.1805555556
53.5795889296,4.4222222222
61.7709415584,3.696031746
67.1679376179,3.25
67.7351791727,3.6650793651
64.6613095238,3.5932539683
64.9545031358,3.2863247863
67.028525641,2.9277777778
64.9688797314,4.3609126984
63.5412393162,5.6388888889
60.1129273504,6.6
54.610042735,7.3277777778
41.5631868132,11.7666666667
48.6212962963,7.4293650794
51.8962842713,2.8777777778
59.2124098124,4.2619047619
66.3980921856,3.4111111111
65.0343115218,4.2094017094
65.111940837,4.0405753968
64.2790681541,3.5888888889
66.915956266,3.4301587302
65.9865384615,3.7579365079
66.0908979909,3.2055555556
65.8856125356,2.7944444444
65.5956196581,4.65
62.0489316239,5.8111111111
55.9055194805,8.3055555556
51.1291666667,9.9833333333
45.7547008547,10.3277777778
44.8816618567,8.4468253968
53.534658271,4.5527472527
58.0666398416,3.899702381
65.8375499501,4.0333333333
67.472008547,4.3611111111
63.7150197025,4.3333333333
64.0577325452,3.3055555556
63.9745532246,3.4158730159
63.2868131868,3.2277777778
62.3843600844,3.2055555556
66.4656056906,2.7751443001
64.9491300366,4.3521825397
65.4830128205,6.2651515152
58.7776223776,7.9004329004
59.2644017094,6.4871428571
57.3675102675,5.4833333333
54.1347277722,4.2444444444
55.2595959596,3.9797619048
63.8004412254,3.9849206349
62.9899928775,4.4535714286
61.9729377104,4.6782051282
62.8675019425,3.6444444444
63.3890775891,3.2444444444
63.8272435897,3.4146825397
65.8455849706,3.5047619048
65.9270243645,3.2222222222
60.4613095238,6.4666666667
13.9698412699,28.9369047619
14.825,30.5226190476
22.0095238095,27.8845238095
26.0503968254,25.7333333333
34.0555555556,19.4888888889
36.4204545455,18.2880952381
56.7793650794,9.476984127
47.607020757,12.8111111111
40.2427350427,15.9068376068
33.041042291,18.8972222222
38.8503968254,15.071031746
51.4206857957,9.6555555555
57.9476010101,6.8444444444
58.2832656926,6.8454861111
58.7509615385,7.2464285714
57.9906565657,6.5722222222
59.1621822622,5.3555555556
53.4722222222,10.7091269841
41.2486111111,15.9722222222
40.3052350427,14.7222222222
39.2721688034,16.15
28.0388888889,16.4353174603
34.3893772894,14.4
49.2388888889,9.9444444444
56.1301587302,7.25
57.3745837496,7.0333333333
55.628481241,8.2
24.2392094017,22.1646825397
12.7575396825,29.9198412698
11.2628968254,32.2777777778
11.2569444444,34.9414141414
12.3423076923,31.8118742369
53.3648046398,10.9666666667
43.9773088023,13.4666666667
39.123015873,17.25
36.8017676768,16.2666666667
39.6545621046,13.8277777778
52.9122895623,8.4666666667
55.278968254,7.1611111111
52.2415251415,11.4234126984
51.911996337,10.4845238095
58.4346153846,5.9944444444
58.9958333333,4.7833333333
52.6051282051,11.0850427351
47.8476495727,13.106990232
48.0343434343,13.3222222222
50.1615079365,11.0888888889
49.3120490621,11.8444444444
57.3826899952,5.75
58.9930555556,5.95
57.704004329,6.6777777778
59.0106481482,6.0055555556
59.3932081807,5.8888888889
60.3424714175,4.15
55.5380952381,10.5543650794
52.2262820513,11.0130952381
52.5982905983,9.3305555556
53.1424145299,8.6166666667
56.4564935065,7.3611111111
57.4775132275,5.8
55.9486531986,7.0496031746
57.755952381,6.9222222222
57.3156926407,7.3888888889
58.1370879121,6.0833333333
58.8874771062,4.7075396825
55.110042735,10.2833333333
52.192002442,12.0111111111
51.3830128205,12.9888888889
51.0157967033,12.0277777778
49.3671328671,12.9833333333
55.0419668295,8.8523809524
57.8745039683,6.5007936508
59.0266178266,6.1079059829
58.7428075397,6.8849053724
58.2922799423,6.1607142857
59.7003917379,4.8666666667
57.3654364154,9.481999482
52.291765873,12.3432119963
52.453197497,11.3472718254
48.3375,11.1442460317
47.2069101038,11.0433531746
51.2041666667,9.1775252525
55.095998446,7.85
57.6510461761,6.8525974026
57.7373931624,6.9833333333
59.1548261923,5.5218253968
59.0549464425,5.1069444444
54.3473290598,8.7930555556
54.437973138,8.3062881563
54.2735958486,8.7224969475
56.4980422356,6.5542429792
57.6407356532,5.8321428571
58.6852564103,5.5611111111
58.8079365079,5.5873015873
59.3242160617,5.7605692918
57.9575577201,6.1599358974
58.8798534799,5.4888888889
59.4835775336,4.3388888889
60.7818986569,5.1392857143
57.7388888889,8.4055555556
56.715967366,8.5277777778
56.2338675214,7.9944444444
58.0640873016,6.8180555556
57.1401515152,5.5388888889
55.2871212121,6.5722222222
59.6641414141,5.5587301587
57.6994047619,6.5075396825
57.3125097125,6.2277777778
59.2772907648,6.0611111111
60.0025234025,6.2148148148
57.5328042328,7.8
54.4676638177,9.9814814815
54.8225718726,9.1703703704
56.2920634921,8.2962962963
57.5314814815,6.8444444444
56.6457912458,7.1259259259
57.8235690236,6.4592592593
57.8510662177,7.6814814815
57.0963480963,8.1851851852
58.5176286676,6.1921296296
60.5142857143,5.4074074074
59.7902847153,5.8488095238
57.9486111111,8.5
55.5184371184,9.5722222222
55.5675366301,7.9722222222
51.3234508547,8.8111111111
49.5419261294,8.4611111111
50.7631613757,8.1801587302
57.3842712843,6.3756944444
57.5118867244,7.0611111111
58.2313131313,6.7888888889
59.3684176934,5.9345238095
61.0346681097,5.5166666667
59.9658730159,5.5032013126
58.525,7.9653846154
55.7246489622,9.4666666667
56.0189814815,7.6166666667
58.3529456654,7.1416666667
57.6112179487,6.6333333333
57.9153198653,6.2833333333
58.0881054131,5.7555555556
58.0798076923,6.3395299145
58.7530950531,6.7722222222
58.7681651682,5.6722222222
58.8947413697,5.3166666667
60.3831349206,5.3888888889
58.6951340327,6.4666666667
57.3016816517,6.8944444444
58.3861111111,5.6222222222
59.5809135309,5.6111111111
58.4823107448,5.9146825397
58.4141414141,5.1916666667
58.6296509046,4.8222222222
57.7996336996,6.0055555556
58.2608363858,5.9214285714
58.464957265,5.4222222222
57.2769230769,7.8666666667
56.4496184371,8.4888888889
54.4284226191,9.2199900794
58.4706959707,6.2535714286
59.0677248677,5.9555555556
57.4154761905,6.1666666667
58.5837787213,6.0388888889
59.0983544234,5.5952380952
58.6825931013,6.4555555556
59.618975469,5.8654761905
59.524793956,5.2649305556
59.6970695971,6.1527777778
57.0172619048,8.5388888889
53.091540404,11.4722222222
50.7955572206,13.0111111111
41.0087962963,15.2277777778
50.3472222222,9.9805555556
53.7172854923,7.8833333333
58.6109848485,6.0142857143
58.0074074074,6.5388888889
57.9254273504,7.8809523809
58.6108285233,6.4222222222
59.4633928571,4.9324786325
59.9278679654,5.3785714286
55.605952381,9.9222222222
45.6607905983,14.5888888889
37.9069444444,16.3666666667
31.5402014652,21.3888888889
31.4461760462,20.1097222222
40.6116124616,15.1198107448
50.0326261701,10.1
50.4372354497,10.2388888889
52.4505411255,9.9297619048
59.5651515152,6.0333333333
60.0803418804,6.3777777778
55.4759615385,9.7722222222
44.0677544678,13.7555555556
34.1765567765,16.4650793651
23.5408730159,22.7166666667
23.0297008547,21.2214285714
17.1974664225,23.503968254
